<!-- DWF2XML 2.00.01 - Raisonance Dwarf information extractor -->
<aoffile Filename="Maradona" dwarf="1">
 <modulelist>
  <module Name="C:\Temp\v10117\M\startup_Maradona.c" >
   <function Name="Reset_Handler" TI="0" FileName="C:\Temp\v10117\M\startup_Maradona.c" Line="210">
   <type Family="Base" Name="long unsigned int" ID="97"/>
   <type Family="Pointer" TI="91" toTI="97"/>
    <variable Name="pulSrc" FileName="C:\Temp\v10117\M\startup_Maradona.c" Line="212" Addr="0x1C000004" TI="91"/>
    <variable Name="pulDest" FileName="C:\Temp\v10117\M\startup_Maradona.c" Line="212" Addr="0x1C000000" TI="91"/>
   </function >
   <type Family="Pointer" TI="277" toTI="275"/>
   <type Family="array" ID="252" toTI="277"/>
   <type Family="Base" Name="unsigned int" ID="268"/>
   <variable Name="g_pfnVectors" FileName="C:\Temp\v10117\M\startup_Maradona.c" Line="123" Addr="0x20000000" TI="301"/>
  </module>
  <module Name="C:\Temp\v10117\M\libraries\STlib310\src\misc.c" >
   <type Family="Base" Name="signed char" ID="344"/>
   <type Family="Base" Name="unsigned char" ID="362"/>
   <type Family="typedef" Name="uint8_t" Line="42" ID="351" toTI="362"/>
   <type Family="Base" Name="short int" ID="369"/>
   <type Family="Base" Name="short unsigned int" ID="376"/>
   <type Family="Base" Name="long int" ID="383"/>
   <type Family="Base" Name="long unsigned int" ID="401"/>
   <type Family="typedef" Name="uint32_t" Line="80" ID="390" toTI="401"/>
   <type Family="Base" Name="long long int" ID="408"/>
   <type Family="Base" Name="long long unsigned int" ID="415"/>
   <type Family="Base" Name="int" ID="422"/>
   <type Family="Base" Name="unsigned int" ID="429"/>
   <type Family="ComponentList" Line="134" ID="436">
   <type Family="array" ID="638" toTI="390"/>
    <Component Name="ISER" TI="445" Line="136" Offs="0"/>
   <type Family="array" ID="659" toTI="390"/>
    <Component Name="RESERVED0" TI="459" Line="137" Offs="32"/>
    <Component Name="ICER" TI="473" Line="138" Offs="128"/>
    <Component Name="RSERVED1" TI="488" Line="139" Offs="160"/>
    <Component Name="ISPR" TI="503" Line="140" Offs="256"/>
    <Component Name="RESERVED2" TI="518" Line="141" Offs="288"/>
    <Component Name="ICPR" TI="533" Line="142" Offs="384"/>
    <Component Name="RESERVED3" TI="548" Line="143" Offs="416"/>
    <Component Name="IABR" TI="563" Line="144" Offs="512"/>
   <type Family="array" ID="695" toTI="390"/>
    <Component Name="RESERVED4" TI="578" Line="145" Offs="544"/>
   <type Family="array" ID="711" toTI="351"/>
    <Component Name="IP" TI="593" Line="146" Offs="768"/>
   <type Family="array" ID="732" toTI="390"/>
    <Component Name="RESERVED5" TI="607" Line="147" Offs="1008"/>
    <Component Name="STIR" TI="622" Line="148" Offs="3584"/>
   </type>
   <type Family="typedef" Name="NVIC_Type" Line="149" ID="754" toTI="436"/>
   <type Family="ComponentList" Line="153" ID="765">
    <Component Name="CPUID" TI="773" Line="155" Offs="0"/>
    <Component Name="ICSR" TI="787" Line="156" Offs="4"/>
    <Component Name="VTOR" TI="801" Line="157" Offs="8"/>
    <Component Name="AIRCR" TI="815" Line="158" Offs="12"/>
    <Component Name="SCR" TI="829" Line="159" Offs="16"/>
    <Component Name="CCR" TI="843" Line="160" Offs="20"/>
   <type Family="array" ID="1045" toTI="351"/>
    <Component Name="SHP" TI="857" Line="161" Offs="24"/>
    <Component Name="SHCSR" TI="871" Line="162" Offs="36"/>
    <Component Name="CFSR" TI="885" Line="163" Offs="40"/>
    <Component Name="HFSR" TI="899" Line="164" Offs="44"/>
    <Component Name="DFSR" TI="913" Line="165" Offs="48"/>
    <Component Name="MMFAR" TI="927" Line="166" Offs="52"/>
    <Component Name="BFAR" TI="941" Line="167" Offs="56"/>
    <Component Name="AFSR" TI="955" Line="168" Offs="60"/>
   <type Family="array" ID="1066" toTI="390"/>
    <Component Name="PFR" TI="969" Line="169" Offs="64"/>
    <Component Name="DFR" TI="983" Line="170" Offs="72"/>
    <Component Name="ADR" TI="997" Line="171" Offs="76"/>
   <type Family="array" ID="1092" toTI="390"/>
    <Component Name="MMFR" TI="1011" Line="172" Offs="80"/>
   <type Family="array" ID="1118" toTI="390"/>
    <Component Name="ISAR" TI="1025" Line="173" Offs="96"/>
   </type>
   <type Family="typedef" Name="SCB_Type" Line="174" ID="1144" toTI="765"/>
   <type Family="ComponentList" Line="178" ID="1155">
    <Component Name="CTRL" TI="1163" Line="180" Offs="0"/>
    <Component Name="LOAD" TI="1177" Line="181" Offs="4"/>
    <Component Name="VAL" TI="1191" Line="182" Offs="8"/>
    <Component Name="CALIB" TI="1205" Line="183" Offs="12"/>
   </type>
   <type Family="typedef" Name="SysTick_Type" Line="184" ID="1220" toTI="1155"/>
   <type Family="typedef" Name="FunctionalState" Line="354" ID="1253" toTI="1231"/>
   <type Family="ComponentList" Line="49" ID="1265">
    <Component Name="NVIC_IRQChannel" TI="1273" Line="51" Offs="0"/>
    <Component Name="NVIC_IRQChannelPreemptionPriority" TI="1287" Line="56" Offs="1"/>
    <Component Name="NVIC_IRQChannelSubPriority" TI="1301" Line="60" Offs="2"/>
    <Component Name="NVIC_IRQChannelCmd" TI="1315" Line="64" Offs="3"/>
   </type>
   <type Family="typedef" Name="NVIC_InitTypeDef" Line="67" ID="1330" toTI="1265"/>
   <type Family="Pointer" TI="1463" toTI="1330"/>
   <function Name="NVIC_SetVectorTable" TI="0" FileName="C:\Temp\v10117\M\libraries\STlib310\src\misc.c" Line="154">
    <parameter Name="NVIC_VectTab" TI="390" FileName="C:\Temp\v10117\M\libraries\STlib310\src\misc.c" Line="154" Addr="0x1C000004" Param="Yes"/>
    <parameter Name="Offset" TI="390" FileName="C:\Temp\v10117\M\libraries\STlib310\src\misc.c" Line="154" Addr="0x1C000000" Param="Yes"/>
   </function >
  </module>
  <module Name="C:\Temp\v10117\M\libraries\STlib310\src\stm32f10x_exti.c" >
   <type Family="Base" Name="signed char" ID="1651"/>
   <type Family="Base" Name="unsigned char" ID="1658"/>
   <type Family="Base" Name="short int" ID="1665"/>
   <type Family="Base" Name="short unsigned int" ID="1672"/>
   <type Family="Base" Name="long int" ID="1679"/>
   <type Family="Base" Name="long unsigned int" ID="1697"/>
   <type Family="typedef" Name="uint32_t" Line="80" ID="1686" toTI="1697"/>
   <type Family="Base" Name="long long int" ID="1704"/>
   <type Family="Base" Name="long long unsigned int" ID="1711"/>
   <type Family="Base" Name="int" ID="1718"/>
   <type Family="Base" Name="unsigned int" ID="1725"/>
   <type Family="typedef" Name="FlagStatus" Line="352" ID="1759" toTI="1737"/>
   <type Family="typedef" Name="ITStatus" Line="352" ID="1771" toTI="1737"/>
   <type Family="typedef" Name="FunctionalState" Line="354" ID="1805" toTI="1783"/>
   <type Family="ComponentList" Line="699" ID="1817">
    <Component Name="IMR" TI="1826" Line="701" Offs="0"/>
    <Component Name="EMR" TI="1841" Line="702" Offs="4"/>
    <Component Name="RTSR" TI="1856" Line="703" Offs="8"/>
    <Component Name="FTSR" TI="1871" Line="704" Offs="12"/>
    <Component Name="SWIER" TI="1886" Line="705" Offs="16"/>
    <Component Name="PR" TI="1901" Line="706" Offs="20"/>
   </type>
   <type Family="typedef" Name="EXTI_TypeDef" Line="707" ID="1916" toTI="1817"/>
   <type Family="typedef" Name="EXTIMode_TypeDef" Line="53" ID="1949" toTI="1928"/>
   <type Family="typedef" Name="EXTITrigger_TypeDef" Line="66" ID="1987" toTI="1960"/>
   <type Family="ComponentList" Line="75" ID="1998">
    <Component Name="EXTI_Line" TI="2006" Line="77" Offs="0"/>
    <Component Name="EXTI_Mode" TI="2020" Line="80" Offs="4"/>
    <Component Name="EXTI_Trigger" TI="2034" Line="83" Offs="5"/>
    <Component Name="EXTI_LineCmd" TI="2048" Line="86" Offs="6"/>
   </type>
   <type Family="typedef" Name="EXTI_InitTypeDef" Line="88" ID="2063" toTI="1998"/>
   <type Family="Pointer" TI="2149" toTI="2063"/>
  </module>
  <module Name="C:\Temp\v10117\M\libraries\STlib310\src\stm32f10x_flash.c" >
   <type Family="Base" Name="signed char" ID="2479"/>
   <type Family="Base" Name="unsigned char" ID="2486"/>
   <type Family="Base" Name="short int" ID="2493"/>
   <type Family="Base" Name="short unsigned int" ID="2500"/>
   <type Family="Base" Name="long int" ID="2507"/>
   <type Family="Base" Name="long unsigned int" ID="2525"/>
   <type Family="typedef" Name="uint32_t" Line="80" ID="2514" toTI="2525"/>
   <type Family="Base" Name="long long int" ID="2532"/>
   <type Family="Base" Name="long long unsigned int" ID="2539"/>
   <type Family="Base" Name="int" ID="2546"/>
   <type Family="Base" Name="unsigned int" ID="2553"/>
   <type Family="ComponentList" Line="713" ID="2565">
    <Component Name="ACR" TI="2574" Line="715" Offs="0"/>
    <Component Name="KEYR" TI="2589" Line="716" Offs="4"/>
    <Component Name="OPTKEYR" TI="2604" Line="717" Offs="8"/>
    <Component Name="SR" TI="2619" Line="718" Offs="12"/>
    <Component Name="CR" TI="2633" Line="719" Offs="16"/>
    <Component Name="AR" TI="2647" Line="720" Offs="20"/>
    <Component Name="RESERVED" TI="2661" Line="721" Offs="24"/>
    <Component Name="OBR" TI="2676" Line="722" Offs="28"/>
    <Component Name="WRPR" TI="2691" Line="723" Offs="32"/>
   </type>
   <type Family="typedef" Name="FLASH_TypeDef" Line="724" ID="2707" toTI="2565"/>
  </module>
  <module Name="C:\Temp\v10117\M\libraries\STlib310\src\stm32f10x_fsmc.c" >
   <type Family="Base" Name="signed char" ID="2877"/>
   <type Family="Base" Name="unsigned char" ID="2884"/>
   <type Family="Base" Name="short int" ID="2891"/>
   <type Family="Base" Name="short unsigned int" ID="2909"/>
   <type Family="typedef" Name="uint16_t" Line="54" ID="2898" toTI="2909"/>
   <type Family="Base" Name="long int" ID="2916"/>
   <type Family="Base" Name="long unsigned int" ID="2934"/>
   <type Family="typedef" Name="uint32_t" Line="80" ID="2923" toTI="2934"/>
   <type Family="Base" Name="long long int" ID="2941"/>
   <type Family="Base" Name="long long unsigned int" ID="2948"/>
   <type Family="Base" Name="int" ID="2955"/>
   <type Family="Base" Name="unsigned int" ID="2962"/>
   <type Family="array" ID="2969" toTI="2923"/>
   <type Family="typedef" Name="FlagStatus" Line="352" ID="3012" toTI="2990"/>
   <type Family="typedef" Name="ITStatus" Line="352" ID="3024" toTI="2990"/>
   <type Family="typedef" Name="FunctionalState" Line="354" ID="3058" toTI="3036"/>
   <type Family="ComponentList" Line="746" ID="3070">
    <Component Name="BTCR" TI="3079" Line="748" Offs="0"/>
   </type>
   <type Family="typedef" Name="FSMC_Bank1_TypeDef" Line="749" ID="3100" toTI="3070"/>
   <type Family="ComponentList" Line="755" ID="3112">
   <type Family="array" ID="3137" toTI="2923"/>
    <Component Name="BWTR" TI="3121" Line="757" Offs="0"/>
   </type>
   <type Family="typedef" Name="FSMC_Bank1E_TypeDef" Line="758" ID="3158" toTI="3112"/>
   <type Family="ComponentList" Line="764" ID="3170">
    <Component Name="PCR2" TI="3179" Line="766" Offs="0"/>
    <Component Name="SR2" TI="3194" Line="767" Offs="4"/>
    <Component Name="PMEM2" TI="3209" Line="768" Offs="8"/>
    <Component Name="PATT2" TI="3224" Line="769" Offs="12"/>
    <Component Name="RESERVED0" TI="3239" Line="770" Offs="16"/>
    <Component Name="ECCR2" TI="3254" Line="771" Offs="20"/>
   </type>
   <type Family="typedef" Name="FSMC_Bank2_TypeDef" Line="772" ID="3270" toTI="3170"/>
   <type Family="ComponentList" Line="778" ID="3282">
    <Component Name="PCR3" TI="3291" Line="780" Offs="0"/>
    <Component Name="SR3" TI="3306" Line="781" Offs="4"/>
    <Component Name="PMEM3" TI="3321" Line="782" Offs="8"/>
    <Component Name="PATT3" TI="3336" Line="783" Offs="12"/>
    <Component Name="RESERVED0" TI="3351" Line="784" Offs="16"/>
    <Component Name="ECCR3" TI="3366" Line="785" Offs="20"/>
   </type>
   <type Family="typedef" Name="FSMC_Bank3_TypeDef" Line="786" ID="3382" toTI="3282"/>
   <type Family="ComponentList" Line="792" ID="3394">
    <Component Name="PCR4" TI="3403" Line="794" Offs="0"/>
    <Component Name="SR4" TI="3418" Line="795" Offs="4"/>
    <Component Name="PMEM4" TI="3433" Line="796" Offs="8"/>
    <Component Name="PATT4" TI="3448" Line="797" Offs="12"/>
    <Component Name="PIO4" TI="3463" Line="798" Offs="16"/>
   </type>
   <type Family="typedef" Name="FSMC_Bank4_TypeDef" Line="799" ID="3479" toTI="3394"/>
   <type Family="ComponentList" Line="49" ID="3491">
    <Component Name="FSMC_AddressSetupTime" TI="3499" Line="51" Offs="0"/>
    <Component Name="FSMC_AddressHoldTime" TI="3513" Line="56" Offs="4"/>
    <Component Name="FSMC_DataSetupTime" TI="3527" Line="61" Offs="8"/>
    <Component Name="FSMC_BusTurnAroundDuration" TI="3541" Line="66" Offs="12"/>
    <Component Name="FSMC_CLKDivision" TI="3555" Line="71" Offs="16"/>
    <Component Name="FSMC_DataLatency" TI="3569" Line="75" Offs="20"/>
    <Component Name="FSMC_AccessMode" TI="3583" Line="83" Offs="24"/>
   </type>
   <type Family="typedef" Name="FSMC_NORSRAMTimingInitTypeDef" Line="85" ID="3598" toTI="3491"/>
   <type Family="ComponentList" Line="91" ID="3609">
    <Component Name="FSMC_Bank" TI="3617" Line="93" Offs="0"/>
    <Component Name="FSMC_DataAddressMux" TI="3631" Line="96" Offs="4"/>
    <Component Name="FSMC_MemoryType" TI="3645" Line="100" Offs="8"/>
    <Component Name="FSMC_MemoryDataWidth" TI="3659" Line="104" Offs="12"/>
    <Component Name="FSMC_BurstAccessMode" TI="3673" Line="107" Offs="16"/>
    <Component Name="FSMC_WaitSignalPolarity" TI="3687" Line="111" Offs="20"/>
    <Component Name="FSMC_WrapMode" TI="3701" Line="115" Offs="24"/>
    <Component Name="FSMC_WaitSignalActive" TI="3715" Line="119" Offs="28"/>
    <Component Name="FSMC_WriteOperation" TI="3729" Line="124" Offs="32"/>
    <Component Name="FSMC_WaitSignal" TI="3743" Line="127" Offs="36"/>
    <Component Name="FSMC_ExtendedMode" TI="3757" Line="131" Offs="40"/>
    <Component Name="FSMC_WriteBurst" TI="3771" Line="134" Offs="44"/>
   <type Family="Pointer" TI="3814" toTI="3598"/>
    <Component Name="FSMC_ReadWriteTimingStruct" TI="3785" Line="137" Offs="48"/>
    <Component Name="FSMC_WriteTimingStruct" TI="3799" Line="139" Offs="52"/>
   </type>
   <type Family="typedef" Name="FSMC_NORSRAMInitTypeDef" Line="140" ID="3820" toTI="3609"/>
   <type Family="ComponentList" Line="146" ID="3831">
    <Component Name="FSMC_SetupTime" TI="3839" Line="148" Offs="0"/>
    <Component Name="FSMC_WaitSetupTime" TI="3853" Line="154" Offs="4"/>
    <Component Name="FSMC_HoldSetupTime" TI="3867" Line="160" Offs="8"/>
    <Component Name="FSMC_HiZSetupTime" TI="3881" Line="167" Offs="12"/>
   </type>
   <type Family="typedef" Name="FSMC_NAND_PCCARDTimingInitTypeDef" Line="172" ID="3896" toTI="3831"/>
   <type Family="ComponentList" Line="178" ID="3907">
    <Component Name="FSMC_Bank" TI="3915" Line="180" Offs="0"/>
    <Component Name="FSMC_Waitfeature" TI="3929" Line="183" Offs="4"/>
    <Component Name="FSMC_MemoryDataWidth" TI="3943" Line="186" Offs="8"/>
    <Component Name="FSMC_ECC" TI="3957" Line="189" Offs="12"/>
    <Component Name="FSMC_ECCPageSize" TI="3971" Line="192" Offs="16"/>
    <Component Name="FSMC_TCLRSetupTime" TI="3985" Line="195" Offs="20"/>
    <Component Name="FSMC_TARSetupTime" TI="3999" Line="199" Offs="24"/>
   <type Family="Pointer" TI="4042" toTI="3896"/>
    <Component Name="FSMC_CommonSpaceTimingStruct" TI="4013" Line="203" Offs="28"/>
    <Component Name="FSMC_AttributeSpaceTimingStruct" TI="4027" Line="205" Offs="32"/>
   </type>
   <type Family="typedef" Name="FSMC_NANDInitTypeDef" Line="206" ID="4048" toTI="3907"/>
   <type Family="ComponentList" Line="212" ID="4059">
    <Component Name="FSMC_Waitfeature" TI="4067" Line="214" Offs="0"/>
    <Component Name="FSMC_TCLRSetupTime" TI="4081" Line="217" Offs="4"/>
    <Component Name="FSMC_TARSetupTime" TI="4095" Line="221" Offs="8"/>
    <Component Name="FSMC_CommonSpaceTimingStruct" TI="4109" Line="226" Offs="12"/>
    <Component Name="FSMC_AttributeSpaceTimingStruct" TI="4123" Line="228" Offs="16"/>
    <Component Name="FSMC_IOSpaceTimingStruct" TI="4137" Line="230" Offs="20"/>
   </type>
   <type Family="typedef" Name="FSMC_PCCARDInitTypeDef" Line="231" ID="4152" toTI="4059"/>
   <type Family="Pointer" TI="4304" toTI="3820"/>
   <type Family="Pointer" TI="4397" toTI="4048"/>
   <type Family="Pointer" TI="4445" toTI="4152"/>
  </module>
  <module Name="C:\Temp\v10117\M\libraries\STlib310\src\stm32f10x_gpio.c" >
   <type Family="Base" Name="signed char" ID="5283"/>
   <type Family="Base" Name="unsigned char" ID="5301"/>
   <type Family="typedef" Name="uint8_t" Line="42" ID="5290" toTI="5301"/>
   <type Family="Base" Name="short int" ID="5308"/>
   <type Family="Base" Name="short unsigned int" ID="5326"/>
   <type Family="typedef" Name="uint16_t" Line="54" ID="5315" toTI="5326"/>
   <type Family="Base" Name="long int" ID="5333"/>
   <type Family="Base" Name="long unsigned int" ID="5351"/>
   <type Family="typedef" Name="uint32_t" Line="80" ID="5340" toTI="5351"/>
   <type Family="Base" Name="long long int" ID="5358"/>
   <type Family="Base" Name="long long unsigned int" ID="5365"/>
   <type Family="Base" Name="int" ID="5372"/>
   <type Family="Base" Name="unsigned int" ID="5379"/>
   <type Family="array" ID="5391" toTI="5340"/>
   <type Family="typedef" Name="u8" Line="334" ID="5407" toTI="5290"/>
   <type Family="typedef" Name="FunctionalState" Line="354" ID="5440" toTI="5418"/>
   <type Family="ComponentList" Line="805" ID="5452">
    <Component Name="CRL" TI="5461" Line="807" Offs="0"/>
    <Component Name="CRH" TI="5476" Line="808" Offs="4"/>
    <Component Name="IDR" TI="5491" Line="809" Offs="8"/>
    <Component Name="ODR" TI="5506" Line="810" Offs="12"/>
    <Component Name="BSRR" TI="5521" Line="811" Offs="16"/>
    <Component Name="BRR" TI="5536" Line="812" Offs="20"/>
    <Component Name="LCKR" TI="5551" Line="813" Offs="24"/>
   </type>
   <type Family="typedef" Name="GPIO_TypeDef" Line="814" ID="5567" toTI="5452"/>
   <type Family="ComponentList" Line="820" ID="5579">
    <Component Name="EVCR" TI="5588" Line="822" Offs="0"/>
    <Component Name="MAPR" TI="5603" Line="823" Offs="4"/>
    <Component Name="EXTICR" TI="5618" Line="824" Offs="8"/>
   </type>
   <type Family="typedef" Name="AFIO_TypeDef" Line="825" ID="5639" toTI="5579"/>
   <type Family="typedef" Name="GPIOSpeed_TypeDef" Line="62" ID="5678" toTI="5651"/>
   <type Family="typedef" Name="GPIOMode_TypeDef" Line="79" ID="5747" toTI="5689"/>
   <type Family="ComponentList" Line="90" ID="5758">
    <Component Name="GPIO_Pin" TI="5766" Line="92" Offs="0"/>
    <Component Name="GPIO_Speed" TI="5780" Line="95" Offs="2"/>
    <Component Name="GPIO_Mode" TI="5794" Line="98" Offs="3"/>
   </type>
   <type Family="typedef" Name="GPIO_InitTypeDef" Line="100" ID="5809" toTI="5758"/>
   <type Family="typedef" Name="BitAction" Line="110" ID="5841" toTI="5820"/>
   <type Family="Pointer" TI="5892" toTI="5567"/>
   <function Name="GPIO_Init" TI="0" FileName="C:\Temp\v10117\M\libraries\STlib310\src\stm32f10x_gpio.c" Line="172">
    <parameter Name="GPIOx" TI="5892" FileName="C:\Temp\v10117\M\libraries\STlib310\src\stm32f10x_gpio.c" Line="172" Addr="0x1C000004" Param="Yes"/>
   <type Family="Pointer" TI="6057" toTI="5809"/>
    <parameter Name="GPIO_InitStruct" TI="6057" FileName="C:\Temp\v10117\M\libraries\STlib310\src\stm32f10x_gpio.c" Line="172" Addr="0x1C000000" Param="Yes"/>
    <variable Name="currentmode" FileName="C:\Temp\v10117\M\libraries\STlib310\src\stm32f10x_gpio.c" Line="174" Addr="0x1C00001C" TI="5340"/>
    <variable Name="currentpin" FileName="C:\Temp\v10117\M\libraries\STlib310\src\stm32f10x_gpio.c" Line="174" Addr="0x1C000010" TI="5340"/>
    <variable Name="pinpos" FileName="C:\Temp\v10117\M\libraries\STlib310\src\stm32f10x_gpio.c" Line="174" Addr="0x1C000018" TI="5340"/>
    <variable Name="pos" FileName="C:\Temp\v10117\M\libraries\STlib310\src\stm32f10x_gpio.c" Line="174" Addr="0x1C00000C" TI="5340"/>
    <variable Name="tmpreg" FileName="C:\Temp\v10117\M\libraries\STlib310\src\stm32f10x_gpio.c" Line="175" Addr="0x1C000014" TI="5340"/>
    <variable Name="pinmask" FileName="C:\Temp\v10117\M\libraries\STlib310\src\stm32f10x_gpio.c" Line="175" Addr="0x1C000008" TI="5340"/>
   </function >
   <function Name="GPIO_Write" TI="0" FileName="C:\Temp\v10117\M\libraries\STlib310\src\stm32f10x_gpio.c" Line="416">
    <parameter Name="GPIOx" TI="5892" FileName="C:\Temp\v10117\M\libraries\STlib310\src\stm32f10x_gpio.c" Line="416" Addr="0x1C000004" Param="Yes"/>
    <parameter Name="PortVal" TI="5315" FileName="C:\Temp\v10117\M\libraries\STlib310\src\stm32f10x_gpio.c" Line="416" Addr="0x1C000002" Param="Yes"/>
   </function >
  </module>
  <module Name="C:\Temp\v10117\M\libraries\STlib310\src\stm32f10x_rcc.c" >
   <type Family="Base" Name="signed char" ID="7043"/>
   <type Family="Base" Name="unsigned char" ID="7061"/>
   <type Family="typedef" Name="uint8_t" Line="42" ID="7050" toTI="7061"/>
   <type Family="Base" Name="short int" ID="7068"/>
   <type Family="Base" Name="short unsigned int" ID="7086"/>
   <type Family="typedef" Name="uint16_t" Line="54" ID="7075" toTI="7086"/>
   <type Family="Base" Name="long int" ID="7093"/>
   <type Family="Base" Name="long unsigned int" ID="7111"/>
   <type Family="typedef" Name="uint32_t" Line="80" ID="7100" toTI="7111"/>
   <type Family="Base" Name="long long int" ID="7118"/>
   <type Family="Base" Name="long long unsigned int" ID="7125"/>
   <type Family="Base" Name="int" ID="7132"/>
   <type Family="Base" Name="unsigned int" ID="7139"/>
   <type Family="typedef" Name="FlagStatus" Line="352" ID="7173" toTI="7151"/>
   <type Family="typedef" Name="ITStatus" Line="352" ID="7185" toTI="7151"/>
   <type Family="typedef" Name="FunctionalState" Line="354" ID="7219" toTI="7197"/>
   <type Family="typedef" Name="ErrorStatus" Line="357" ID="7253" toTI="7231"/>
   <type Family="ComponentList" Line="878" ID="7265">
    <Component Name="CR" TI="7274" Line="880" Offs="0"/>
    <Component Name="CFGR" TI="7288" Line="881" Offs="4"/>
    <Component Name="CIR" TI="7303" Line="882" Offs="8"/>
    <Component Name="APB2RSTR" TI="7318" Line="883" Offs="12"/>
    <Component Name="APB1RSTR" TI="7333" Line="884" Offs="16"/>
    <Component Name="AHBENR" TI="7348" Line="885" Offs="20"/>
    <Component Name="APB2ENR" TI="7363" Line="886" Offs="24"/>
    <Component Name="APB1ENR" TI="7378" Line="887" Offs="28"/>
    <Component Name="BDCR" TI="7393" Line="888" Offs="32"/>
    <Component Name="CSR" TI="7408" Line="889" Offs="36"/>
   </type>
   <type Family="typedef" Name="RCC_TypeDef" Line="894" ID="7424" toTI="7265"/>
   <type Family="ComponentList" Line="45" ID="7436">
    <Component Name="SYSCLK_Frequency" TI="7444" Line="47" Offs="0"/>
    <Component Name="HCLK_Frequency" TI="7458" Line="48" Offs="4"/>
    <Component Name="PCLK1_Frequency" TI="7472" Line="49" Offs="8"/>
    <Component Name="PCLK2_Frequency" TI="7486" Line="50" Offs="12"/>
    <Component Name="ADCCLK_Frequency" TI="7500" Line="51" Offs="16"/>
   </type>
   <type Family="typedef" Name="RCC_ClocksTypeDef" Line="52" ID="7515" toTI="7436"/>
   <function Name="RCC_DeInit" TI="0" FileName="C:\Temp\v10117\M\libraries\STlib310\src\stm32f10x_rcc.c" Line="224">
   </function >
   <function Name="RCC_SYSCLKConfig" TI="0" FileName="C:\Temp\v10117\M\libraries\STlib310\src\stm32f10x_rcc.c" Line="560">
    <parameter Name="RCC_SYSCLKSource" TI="7100" FileName="C:\Temp\v10117\M\libraries\STlib310\src\stm32f10x_rcc.c" Line="560" Addr="0x1C000004" Param="Yes"/>
    <variable Name="tmpreg" FileName="C:\Temp\v10117\M\libraries\STlib310\src\stm32f10x_rcc.c" Line="562" Addr="0x1C00000C" TI="7100"/>
   </function >
   <function Name="RCC_GetSYSCLKSource" TI="7050" FileName="C:\Temp\v10117\M\libraries\STlib310\src\stm32f10x_rcc.c" Line="583">
   </function >
   <function Name="RCC_HCLKConfig" TI="0" FileName="C:\Temp\v10117\M\libraries\STlib310\src\stm32f10x_rcc.c" Line="604">
    <parameter Name="RCC_SYSCLK" TI="7100" FileName="C:\Temp\v10117\M\libraries\STlib310\src\stm32f10x_rcc.c" Line="604" Addr="0x1C000004" Param="Yes"/>
    <variable Name="tmpreg" FileName="C:\Temp\v10117\M\libraries\STlib310\src\stm32f10x_rcc.c" Line="606" Addr="0x1C00000C" TI="7100"/>
   </function >
   <function Name="RCC_PCLK1Config" TI="0" FileName="C:\Temp\v10117\M\libraries\STlib310\src\stm32f10x_rcc.c" Line="630">
    <parameter Name="RCC_HCLK" TI="7100" FileName="C:\Temp\v10117\M\libraries\STlib310\src\stm32f10x_rcc.c" Line="630" Addr="0x1C000004" Param="Yes"/>
    <variable Name="tmpreg" FileName="C:\Temp\v10117\M\libraries\STlib310\src\stm32f10x_rcc.c" Line="632" Addr="0x1C00000C" TI="7100"/>
   </function >
   <function Name="RCC_PCLK2Config" TI="0" FileName="C:\Temp\v10117\M\libraries\STlib310\src\stm32f10x_rcc.c" Line="656">
    <parameter Name="RCC_HCLK" TI="7100" FileName="C:\Temp\v10117\M\libraries\STlib310\src\stm32f10x_rcc.c" Line="656" Addr="0x1C000004" Param="Yes"/>
    <variable Name="tmpreg" FileName="C:\Temp\v10117\M\libraries\STlib310\src\stm32f10x_rcc.c" Line="658" Addr="0x1C00000C" TI="7100"/>
   </function >
   <function Name="RCC_GetClocksFreq" TI="0" FileName="C:\Temp\v10117\M\libraries\STlib310\src\stm32f10x_rcc.c" Line="902">
   <type Family="Pointer" TI="8558" toTI="7515"/>
    <parameter Name="RCC_Clocks" TI="8558" FileName="C:\Temp\v10117\M\libraries\STlib310\src\stm32f10x_rcc.c" Line="902" Addr="0x1C000004" Param="Yes"/>
    <variable Name="tmp" FileName="C:\Temp\v10117\M\libraries\STlib310\src\stm32f10x_rcc.c" Line="904" Addr="0x1C000014" TI="7100"/>
    <variable Name="pllmull" FileName="C:\Temp\v10117\M\libraries\STlib310\src\stm32f10x_rcc.c" Line="904" Addr="0x1C000010" TI="7100"/>
    <variable Name="pllsource" FileName="C:\Temp\v10117\M\libraries\STlib310\src\stm32f10x_rcc.c" Line="904" Addr="0x1C00000C" TI="7100"/>
    <variable Name="presc" FileName="C:\Temp\v10117\M\libraries\STlib310\src\stm32f10x_rcc.c" Line="904" Addr="0x1C000008" TI="7100"/>
   </function >
   <function Name="RCC_APB2PeriphClockCmd" TI="0" FileName="C:\Temp\v10117\M\libraries\STlib310\src\stm32f10x_rcc.c" Line="1076">
    <parameter Name="RCC_APB2Periph" TI="7100" FileName="C:\Temp\v10117\M\libraries\STlib310\src\stm32f10x_rcc.c" Line="1076" Addr="0x1C000004" Param="Yes"/>
    <parameter Name="NewState" TI="7219" FileName="C:\Temp\v10117\M\libraries\STlib310\src\stm32f10x_rcc.c" Line="1076" Addr="0x1C000003" Param="Yes"/>
   </function >
   <function Name="RCC_APB1PeriphClockCmd" TI="0" FileName="C:\Temp\v10117\M\libraries\STlib310\src\stm32f10x_rcc.c" Line="1106">
    <parameter Name="RCC_APB1Periph" TI="7100" FileName="C:\Temp\v10117\M\libraries\STlib310\src\stm32f10x_rcc.c" Line="1106" Addr="0x1C000004" Param="Yes"/>
    <parameter Name="NewState" TI="7219" FileName="C:\Temp\v10117\M\libraries\STlib310\src\stm32f10x_rcc.c" Line="1106" Addr="0x1C000003" Param="Yes"/>
   </function >
   <type Family="array" ID="9191" toTI="7050"/>
   <variable Name="APBAHBPrescTable" FileName="C:\Temp\v10117\M\libraries\STlib310\src\stm32f10x_rcc.c" Line="200" Addr="0x20001044" TI="9224"/>
   <type Family="array" ID="9234" toTI="7050"/>
   <variable Name="ADCPrescTable" FileName="C:\Temp\v10117\M\libraries\STlib310\src\stm32f10x_rcc.c" Line="201" Addr="0x20001054" TI="9267"/>
  </module>
  <module Name="C:\Temp\v10117\M\libraries\STlib310\src\stm32f10x_tim.c" >
   <type Family="Base" Name="signed char" ID="9315"/>
   <type Family="Base" Name="unsigned char" ID="9333"/>
   <type Family="typedef" Name="uint8_t" Line="42" ID="9322" toTI="9333"/>
   <type Family="Base" Name="short int" ID="9340"/>
   <type Family="Base" Name="short unsigned int" ID="9358"/>
   <type Family="typedef" Name="uint16_t" Line="54" ID="9347" toTI="9358"/>
   <type Family="Base" Name="long int" ID="9365"/>
   <type Family="Base" Name="long unsigned int" ID="9383"/>
   <type Family="typedef" Name="uint32_t" Line="80" ID="9372" toTI="9383"/>
   <type Family="Base" Name="long long int" ID="9390"/>
   <type Family="Base" Name="long long unsigned int" ID="9397"/>
   <type Family="Base" Name="int" ID="9404"/>
   <type Family="Base" Name="unsigned int" ID="9411"/>
   <type Family="typedef" Name="FlagStatus" Line="352" ID="9445" toTI="9423"/>
   <type Family="typedef" Name="ITStatus" Line="352" ID="9457" toTI="9423"/>
   <type Family="typedef" Name="FunctionalState" Line="354" ID="9491" toTI="9469"/>
   <type Family="ComponentList" Line="982" ID="9503">
    <Component Name="CR1" TI="9512" Line="984" Offs="0"/>
    <Component Name="RESERVED0" TI="9527" Line="985" Offs="2"/>
    <Component Name="CR2" TI="9542" Line="986" Offs="4"/>
    <Component Name="RESERVED1" TI="9557" Line="987" Offs="6"/>
    <Component Name="SMCR" TI="9572" Line="988" Offs="8"/>
    <Component Name="RESERVED2" TI="9587" Line="989" Offs="10"/>
    <Component Name="DIER" TI="9602" Line="990" Offs="12"/>
    <Component Name="RESERVED3" TI="9617" Line="991" Offs="14"/>
    <Component Name="SR" TI="9632" Line="992" Offs="16"/>
    <Component Name="RESERVED4" TI="9646" Line="993" Offs="18"/>
    <Component Name="EGR" TI="9661" Line="994" Offs="20"/>
    <Component Name="RESERVED5" TI="9676" Line="995" Offs="22"/>
    <Component Name="CCMR1" TI="9691" Line="996" Offs="24"/>
    <Component Name="RESERVED6" TI="9706" Line="997" Offs="26"/>
    <Component Name="CCMR2" TI="9721" Line="998" Offs="28"/>
    <Component Name="RESERVED7" TI="9736" Line="999" Offs="30"/>
    <Component Name="CCER" TI="9751" Line="1000" Offs="32"/>
    <Component Name="RESERVED8" TI="9766" Line="1001" Offs="34"/>
    <Component Name="CNT" TI="9781" Line="1002" Offs="36"/>
    <Component Name="RESERVED9" TI="9796" Line="1003" Offs="38"/>
    <Component Name="PSC" TI="9811" Line="1004" Offs="40"/>
    <Component Name="RESERVED10" TI="9826" Line="1005" Offs="42"/>
    <Component Name="ARR" TI="9841" Line="1006" Offs="44"/>
    <Component Name="RESERVED11" TI="9856" Line="1007" Offs="46"/>
    <Component Name="RCR" TI="9871" Line="1008" Offs="48"/>
    <Component Name="RESERVED12" TI="9886" Line="1009" Offs="50"/>
    <Component Name="CCR1" TI="9901" Line="1010" Offs="52"/>
    <Component Name="RESERVED13" TI="9916" Line="1011" Offs="54"/>
    <Component Name="CCR2" TI="9931" Line="1012" Offs="56"/>
    <Component Name="RESERVED14" TI="9946" Line="1013" Offs="58"/>
    <Component Name="CCR3" TI="9961" Line="1014" Offs="60"/>
    <Component Name="RESERVED15" TI="9976" Line="1015" Offs="62"/>
    <Component Name="CCR4" TI="9991" Line="1016" Offs="64"/>
    <Component Name="RESERVED16" TI="10006" Line="1017" Offs="66"/>
    <Component Name="BDTR" TI="10021" Line="1018" Offs="68"/>
    <Component Name="RESERVED17" TI="10036" Line="1019" Offs="70"/>
    <Component Name="DCR" TI="10051" Line="1020" Offs="72"/>
    <Component Name="RESERVED18" TI="10066" Line="1021" Offs="74"/>
    <Component Name="DMAR" TI="10081" Line="1022" Offs="76"/>
    <Component Name="RESERVED19" TI="10096" Line="1023" Offs="78"/>
   </type>
   <type Family="typedef" Name="TIM_TypeDef" Line="1024" ID="10112" toTI="9503"/>
   <type Family="ComponentList" Line="50" ID="10124">
    <Component Name="TIM_Prescaler" TI="10132" Line="52" Offs="0"/>
    <Component Name="TIM_CounterMode" TI="10146" Line="55" Offs="2"/>
    <Component Name="TIM_Period" TI="10160" Line="58" Offs="4"/>
    <Component Name="TIM_ClockDivision" TI="10174" Line="62" Offs="6"/>
    <Component Name="TIM_RepetitionCounter" TI="10188" Line="65" Offs="8"/>
   </type>
   <type Family="typedef" Name="TIM_TimeBaseInitTypeDef" Line="73" ID="10203" toTI="10124"/>
   <type Family="ComponentList" Line="79" ID="10214">
    <Component Name="TIM_OCMode" TI="10222" Line="81" Offs="0"/>
    <Component Name="TIM_OutputState" TI="10236" Line="84" Offs="2"/>
    <Component Name="TIM_OutputNState" TI="10250" Line="87" Offs="4"/>
    <Component Name="TIM_Pulse" TI="10264" Line="91" Offs="6"/>
    <Component Name="TIM_OCPolarity" TI="10278" Line="94" Offs="8"/>
    <Component Name="TIM_OCNPolarity" TI="10292" Line="97" Offs="10"/>
    <Component Name="TIM_OCIdleState" TI="10306" Line="101" Offs="12"/>
    <Component Name="TIM_OCNIdleState" TI="10320" Line="105" Offs="14"/>
   </type>
   <type Family="typedef" Name="TIM_OCInitTypeDef" Line="108" ID="10335" toTI="10214"/>
   <type Family="ComponentList" Line="114" ID="10346">
    <Component Name="TIM_Channel" TI="10354" Line="117" Offs="0"/>
    <Component Name="TIM_ICPolarity" TI="10368" Line="120" Offs="2"/>
    <Component Name="TIM_ICSelection" TI="10382" Line="123" Offs="4"/>
    <Component Name="TIM_ICPrescaler" TI="10396" Line="126" Offs="6"/>
    <Component Name="TIM_ICFilter" TI="10410" Line="129" Offs="8"/>
   </type>
   <type Family="typedef" Name="TIM_ICInitTypeDef" Line="131" ID="10425" toTI="10346"/>
   <type Family="ComponentList" Line="138" ID="10436">
    <Component Name="TIM_OSSRState" TI="10444" Line="141" Offs="0"/>
    <Component Name="TIM_OSSIState" TI="10458" Line="144" Offs="2"/>
    <Component Name="TIM_LOCKLevel" TI="10472" Line="147" Offs="4"/>
    <Component Name="TIM_DeadTime" TI="10486" Line="150" Offs="6"/>
    <Component Name="TIM_Break" TI="10500" Line="154" Offs="8"/>
    <Component Name="TIM_BreakPolarity" TI="10514" Line="157" Offs="10"/>
    <Component Name="TIM_AutomaticOutput" TI="10528" Line="160" Offs="12"/>
   </type>
   <type Family="typedef" Name="TIM_BDTRInitTypeDef" Line="162" ID="10543" toTI="10436"/>
   <type Family="Pointer" TI="10594" toTI="10112"/>
   <function Name="TIM_TimeBaseInit" TI="0" FileName="C:\Temp\v10117\M\libraries\STlib310\src\stm32f10x_tim.c" Line="245">
    <parameter Name="TIMx" TI="10594" FileName="C:\Temp\v10117\M\libraries\STlib310\src\stm32f10x_tim.c" Line="245" Addr="0x1C000004" Param="Yes"/>
   <type Family="Pointer" TI="10654" toTI="10203"/>
    <parameter Name="TIM_TimeBaseInitStruct" TI="10654" FileName="C:\Temp\v10117\M\libraries\STlib310\src\stm32f10x_tim.c" Line="245" Addr="0x1C000000" Param="Yes"/>
   </function >
   <function Name="TIM_OC1Init" TI="0" FileName="C:\Temp\v10117\M\libraries\STlib310\src\stm32f10x_tim.c" Line="280">
    <parameter Name="TIMx" TI="10594" FileName="C:\Temp\v10117\M\libraries\STlib310\src\stm32f10x_tim.c" Line="280" Addr="0x1C000004" Param="Yes"/>
   <type Family="Pointer" TI="10762" toTI="10335"/>
    <parameter Name="TIM_OCInitStruct" TI="10762" FileName="C:\Temp\v10117\M\libraries\STlib310\src\stm32f10x_tim.c" Line="280" Addr="0x1C000000" Param="Yes"/>
    <variable Name="tmpccmrx" FileName="C:\Temp\v10117\M\libraries\STlib310\src\stm32f10x_tim.c" Line="282" Addr="0x1C00000A" TI="9347"/>
    <variable Name="tmpccer" FileName="C:\Temp\v10117\M\libraries\STlib310\src\stm32f10x_tim.c" Line="282" Addr="0x1C00000E" TI="9347"/>
    <variable Name="tmpcr2" FileName="C:\Temp\v10117\M\libraries\STlib310\src\stm32f10x_tim.c" Line="282" Addr="0x1C00000C" TI="9347"/>
   </function >
   <type Family="Pointer" TI="11131" toTI="10425"/>
   <type Family="Pointer" TI="11281" toTI="10543"/>
   <function Name="TIM_Cmd" TI="0" FileName="C:\Temp\v10117\M\libraries\STlib310\src\stm32f10x_tim.c" Line="788">
    <parameter Name="TIMx" TI="10594" FileName="C:\Temp\v10117\M\libraries\STlib310\src\stm32f10x_tim.c" Line="788" Addr="0x1C000004" Param="Yes"/>
    <parameter Name="NewState" TI="9491" FileName="C:\Temp\v10117\M\libraries\STlib310\src\stm32f10x_tim.c" Line="788" Addr="0x1C000003" Param="Yes"/>
   </function >
   <function Name="TIM_ARRPreloadConfig" TI="0" FileName="C:\Temp\v10117\M\libraries\STlib310\src\stm32f10x_tim.c" Line="1386">
    <parameter Name="TIMx" TI="10594" FileName="C:\Temp\v10117\M\libraries\STlib310\src\stm32f10x_tim.c" Line="1386" Addr="0x1C000004" Param="Yes"/>
    <parameter Name="NewState" TI="9491" FileName="C:\Temp\v10117\M\libraries\STlib310\src\stm32f10x_tim.c" Line="1386" Addr="0x1C000003" Param="Yes"/>
   </function >
   <function Name="TIM_OC1PreloadConfig" TI="0" FileName="C:\Temp\v10117\M\libraries\STlib310\src\stm32f10x_tim.c" Line="1484">
    <parameter Name="TIMx" TI="10594" FileName="C:\Temp\v10117\M\libraries\STlib310\src\stm32f10x_tim.c" Line="1484" Addr="0x1C000004" Param="Yes"/>
    <parameter Name="TIM_OCPreload" TI="9347" FileName="C:\Temp\v10117\M\libraries\STlib310\src\stm32f10x_tim.c" Line="1484" Addr="0x1C000002" Param="Yes"/>
    <variable Name="tmpccmr1" FileName="C:\Temp\v10117\M\libraries\STlib310\src\stm32f10x_tim.c" Line="1486" Addr="0x1C00000E" TI="9347"/>
   </function >
  </module>
  <module Name="C:\Temp\v10117\M\libraries\STlib310\src\stm32f10x_usart.c" >
   <type Family="Base" Name="signed char" ID="16968"/>
   <type Family="Base" Name="unsigned char" ID="16986"/>
   <type Family="typedef" Name="uint8_t" Line="42" ID="16975" toTI="16986"/>
   <type Family="Base" Name="short int" ID="16993"/>
   <type Family="Base" Name="short unsigned int" ID="17011"/>
   <type Family="typedef" Name="uint16_t" Line="54" ID="17000" toTI="17011"/>
   <type Family="Base" Name="long int" ID="17018"/>
   <type Family="Base" Name="long unsigned int" ID="17036"/>
   <type Family="typedef" Name="uint32_t" Line="80" ID="17025" toTI="17036"/>
   <type Family="Base" Name="long long int" ID="17043"/>
   <type Family="Base" Name="long long unsigned int" ID="17050"/>
   <type Family="Base" Name="int" ID="17057"/>
   <type Family="Base" Name="unsigned int" ID="17064"/>
   <type Family="typedef" Name="FlagStatus" Line="352" ID="17098" toTI="17076"/>
   <type Family="typedef" Name="ITStatus" Line="352" ID="17110" toTI="17076"/>
   <type Family="typedef" Name="FunctionalState" Line="354" ID="17144" toTI="17122"/>
   <type Family="ComponentList" Line="1030" ID="17156">
    <Component Name="SR" TI="17165" Line="1032" Offs="0"/>
    <Component Name="RESERVED0" TI="17179" Line="1033" Offs="2"/>
    <Component Name="DR" TI="17194" Line="1034" Offs="4"/>
    <Component Name="RESERVED1" TI="17208" Line="1035" Offs="6"/>
    <Component Name="BRR" TI="17223" Line="1036" Offs="8"/>
    <Component Name="RESERVED2" TI="17238" Line="1037" Offs="10"/>
    <Component Name="CR1" TI="17253" Line="1038" Offs="12"/>
    <Component Name="RESERVED3" TI="17268" Line="1039" Offs="14"/>
    <Component Name="CR2" TI="17283" Line="1040" Offs="16"/>
    <Component Name="RESERVED4" TI="17298" Line="1041" Offs="18"/>
    <Component Name="CR3" TI="17313" Line="1042" Offs="20"/>
    <Component Name="RESERVED5" TI="17328" Line="1043" Offs="22"/>
    <Component Name="GTPR" TI="17343" Line="1044" Offs="24"/>
    <Component Name="RESERVED6" TI="17358" Line="1045" Offs="26"/>
   </type>
   <type Family="typedef" Name="USART_TypeDef" Line="1046" ID="17374" toTI="17156"/>
   <type Family="ComponentList" Line="45" ID="17386">
    <Component Name="SYSCLK_Frequency" TI="17394" Line="47" Offs="0"/>
    <Component Name="HCLK_Frequency" TI="17408" Line="48" Offs="4"/>
    <Component Name="PCLK1_Frequency" TI="17422" Line="49" Offs="8"/>
    <Component Name="PCLK2_Frequency" TI="17436" Line="50" Offs="12"/>
    <Component Name="ADCCLK_Frequency" TI="17450" Line="51" Offs="16"/>
   </type>
   <type Family="typedef" Name="RCC_ClocksTypeDef" Line="52" ID="17465" toTI="17386"/>
   <type Family="ComponentList" Line="49" ID="17476">
    <Component Name="USART_BaudRate" TI="17484" Line="51" Offs="0"/>
    <Component Name="USART_WordLength" TI="17498" Line="56" Offs="4"/>
    <Component Name="USART_StopBits" TI="17512" Line="59" Offs="6"/>
    <Component Name="USART_Parity" TI="17526" Line="62" Offs="8"/>
    <Component Name="USART_Mode" TI="17540" Line="69" Offs="10"/>
    <Component Name="USART_HardwareFlowControl" TI="17554" Line="72" Offs="12"/>
   </type>
   <type Family="typedef" Name="USART_InitTypeDef" Line="75" ID="17569" toTI="17476"/>
   <type Family="ComponentList" Line="81" ID="17580">
    <Component Name="USART_Clock" TI="17588" Line="84" Offs="0"/>
    <Component Name="USART_CPOL" TI="17602" Line="87" Offs="2"/>
    <Component Name="USART_CPHA" TI="17616" Line="90" Offs="4"/>
    <Component Name="USART_LastBit" TI="17630" Line="93" Offs="6"/>
   </type>
   <type Family="typedef" Name="USART_ClockInitTypeDef" Line="96" ID="17645" toTI="17580"/>
   <type Family="Pointer" TI="17696" toTI="17374"/>
   <function Name="USART_Init" TI="0" FileName="C:\Temp\v10117\M\libraries\STlib310\src\stm32f10x_usart.c" Line="165">
    <parameter Name="USARTx" TI="17696" FileName="C:\Temp\v10117\M\libraries\STlib310\src\stm32f10x_usart.c" Line="165" Addr="0x1C000004" Param="Yes"/>
   <type Family="Pointer" TI="17840" toTI="17569"/>
    <parameter Name="USART_InitStruct" TI="17840" FileName="C:\Temp\v10117\M\libraries\STlib310\src\stm32f10x_usart.c" Line="165" Addr="0x1C000000" Param="Yes"/>
    <variable Name="tmpreg" FileName="C:\Temp\v10117\M\libraries\STlib310\src\stm32f10x_usart.c" Line="167" Addr="0x1C000028" TI="17025"/>
    <variable Name="apbclock" FileName="C:\Temp\v10117\M\libraries\STlib310\src\stm32f10x_usart.c" Line="167" Addr="0x1C00002C" TI="17025"/>
    <variable Name="integerdivider" FileName="C:\Temp\v10117\M\libraries\STlib310\src\stm32f10x_usart.c" Line="168" Addr="0x1C000024" TI="17025"/>
    <variable Name="fractionaldivider" FileName="C:\Temp\v10117\M\libraries\STlib310\src\stm32f10x_usart.c" Line="169" Addr="0x1C000020" TI="17025"/>
    <variable Name="usartxbase" FileName="C:\Temp\v10117\M\libraries\STlib310\src\stm32f10x_usart.c" Line="170" Addr="0x1C00001C" TI="17025"/>
    <variable Name="RCC_ClocksStatus" FileName="C:\Temp\v10117\M\libraries\STlib310\src\stm32f10x_usart.c" Line="171" Addr="0x1C000008" TI="17465"/>
   </function >
   <function Name="USART_ClockInit" TI="0" FileName="C:\Temp\v10117\M\libraries\STlib310\src\stm32f10x_usart.c" Line="270">
    <parameter Name="USARTx" TI="17696" FileName="C:\Temp\v10117\M\libraries\STlib310\src\stm32f10x_usart.c" Line="270" Addr="0x1C000004" Param="Yes"/>
   <type Family="Pointer" TI="17958" toTI="17645"/>
    <parameter Name="USART_ClockInitStruct" TI="17958" FileName="C:\Temp\v10117\M\libraries\STlib310\src\stm32f10x_usart.c" Line="270" Addr="0x1C000000" Param="Yes"/>
    <variable Name="tmpreg" FileName="C:\Temp\v10117\M\libraries\STlib310\src\stm32f10x_usart.c" Line="272" Addr="0x1C00000C" TI="17025"/>
   </function >
   <function Name="USART_Cmd" TI="0" FileName="C:\Temp\v10117\M\libraries\STlib310\src\stm32f10x_usart.c" Line="319">
    <parameter Name="USARTx" TI="17696" FileName="C:\Temp\v10117\M\libraries\STlib310\src\stm32f10x_usart.c" Line="319" Addr="0x1C000004" Param="Yes"/>
    <parameter Name="NewState" TI="17144" FileName="C:\Temp\v10117\M\libraries\STlib310\src\stm32f10x_usart.c" Line="319" Addr="0x1C000003" Param="Yes"/>
   </function >
   <function Name="USART_SendData" TI="0" FileName="C:\Temp\v10117\M\libraries\STlib310\src\stm32f10x_usart.c" Line="559">
    <parameter Name="USARTx" TI="17696" FileName="C:\Temp\v10117\M\libraries\STlib310\src\stm32f10x_usart.c" Line="559" Addr="0x1C000004" Param="Yes"/>
    <parameter Name="Data" TI="17000" FileName="C:\Temp\v10117\M\libraries\STlib310\src\stm32f10x_usart.c" Line="559" Addr="0x1C000002" Param="Yes"/>
   </function >
   <function Name="USART_GetFlagStatus" TI="17098" FileName="C:\Temp\v10117\M\libraries\STlib310\src\stm32f10x_usart.c" Line="783">
    <parameter Name="USARTx" TI="17696" FileName="C:\Temp\v10117\M\libraries\STlib310\src\stm32f10x_usart.c" Line="783" Addr="0x1C000004" Param="Yes"/>
    <parameter Name="USART_FLAG" TI="17000" FileName="C:\Temp\v10117\M\libraries\STlib310\src\stm32f10x_usart.c" Line="783" Addr="0x1C000002" Param="Yes"/>
    <variable Name="bitstatus" FileName="C:\Temp\v10117\M\libraries\STlib310\src\stm32f10x_usart.c" Line="785" Addr="0x1C00000F" TI="17098"/>
   </function >
  </module>
  <module Name="C:\Temp\v10117\M\libraries\stm32f10x_it.c" >
   <type Family="Base" Name="signed char" ID="19471"/>
   <type Family="Base" Name="unsigned char" ID="19478"/>
   <type Family="Base" Name="short int" ID="19485"/>
   <type Family="Base" Name="short unsigned int" ID="19492"/>
   <type Family="Base" Name="long int" ID="19499"/>
   <type Family="Base" Name="long unsigned int" ID="19506"/>
   <type Family="Base" Name="long long int" ID="19513"/>
   <type Family="Base" Name="long long unsigned int" ID="19520"/>
   <type Family="Base" Name="int" ID="19527"/>
   <type Family="Base" Name="unsigned int" ID="19534"/>
   <function Name="NMI_Handler" TI="0" FileName="C:\Temp\v10117\M\libraries\stm32f10x_it.c" Line="46">
   </function >
   <function Name="HardFault_Handler" TI="0" FileName="C:\Temp\v10117\M\libraries\stm32f10x_it.c" Line="55">
   </function >
   <function Name="MemManage_Handler" TI="0" FileName="C:\Temp\v10117\M\libraries\stm32f10x_it.c" Line="68">
   </function >
   <function Name="BusFault_Handler" TI="0" FileName="C:\Temp\v10117\M\libraries\stm32f10x_it.c" Line="81">
   </function >
   <function Name="UsageFault_Handler" TI="0" FileName="C:\Temp\v10117\M\libraries\stm32f10x_it.c" Line="94">
   </function >
   <function Name="SVC_Handler" TI="0" FileName="C:\Temp\v10117\M\libraries\stm32f10x_it.c" Line="107">
   </function >
   <function Name="DebugMon_Handler" TI="0" FileName="C:\Temp\v10117\M\libraries\stm32f10x_it.c" Line="116">
   </function >
   <function Name="PendSV_Handler" TI="0" FileName="C:\Temp\v10117\M\libraries\stm32f10x_it.c" Line="125">
   </function >
   <function Name="SysTick_Handler" TI="0" FileName="C:\Temp\v10117\M\libraries\stm32f10x_it.c" Line="134">
   </function >
  </module>
  <module Name="C:\Temp\v10117\M\libraries\CMSIS\core_cm3.c" >
   <type Family="Base" Name="signed char" ID="19768"/>
   <type Family="Base" Name="unsigned char" ID="19786"/>
   <type Family="typedef" Name="uint8_t" Line="42" ID="19775" toTI="19786"/>
   <type Family="Base" Name="short int" ID="19804"/>
   <type Family="typedef" Name="int16_t" Line="53" ID="19793" toTI="19804"/>
   <type Family="Base" Name="short unsigned int" ID="19822"/>
   <type Family="typedef" Name="uint16_t" Line="54" ID="19811" toTI="19822"/>
   <type Family="Base" Name="long int" ID="19840"/>
   <type Family="typedef" Name="int32_t" Line="79" ID="19829" toTI="19840"/>
   <type Family="Base" Name="long unsigned int" ID="19858"/>
   <type Family="typedef" Name="uint32_t" Line="80" ID="19847" toTI="19858"/>
   <type Family="Base" Name="long long int" ID="19865"/>
   <type Family="Base" Name="long long unsigned int" ID="19872"/>
   <type Family="Base" Name="int" ID="19879"/>
   <type Family="Base" Name="unsigned int" ID="19886"/>
   <type Family="Pointer" TI="20630" toTI="19775"/>
   <type Family="Pointer" TI="20697" toTI="19811"/>
   <type Family="Pointer" TI="20764" toTI="19847"/>
  </module>
  <module Name="C:\Temp\v10117\M\main.c" >
   <type Family="Base" Name="signed char" ID="21131"/>
   <type Family="typedef" Name="int8_t" Line="41" ID="21120" toTI="21131"/>
   <type Family="Base" Name="unsigned char" ID="21149"/>
   <type Family="typedef" Name="uint8_t" Line="42" ID="21138" toTI="21149"/>
   <type Family="Base" Name="short int" ID="21156"/>
   <type Family="Base" Name="short unsigned int" ID="21174"/>
   <type Family="typedef" Name="uint16_t" Line="54" ID="21163" toTI="21174"/>
   <type Family="Base" Name="long int" ID="21181"/>
   <type Family="Base" Name="long unsigned int" ID="21199"/>
   <type Family="typedef" Name="uint32_t" Line="80" ID="21188" toTI="21199"/>
   <type Family="Base" Name="long long int" ID="21206"/>
   <type Family="Base" Name="long long unsigned int" ID="21213"/>
   <type Family="Base" Name="int" ID="21220"/>
   <type Family="Base" Name="unsigned int" ID="21227"/>
   <type Family="typedef" Name="s8" Line="318" ID="21244" toTI="21120"/>
   <type Family="typedef" Name="u32" Line="332" ID="21255" toTI="21188"/>
   <type Family="typedef" Name="u16" Line="333" ID="21267" toTI="21163"/>
   <type Family="typedef" Name="u8" Line="334" ID="21279" toTI="21138"/>
   <type Family="typedef" Name="ErrorStatus" Line="357" ID="21356" toTI="21334"/>
   <type Family="ComponentList" Line="805" ID="21368">
    <Component Name="CRL" TI="21377" Line="807" Offs="0"/>
    <Component Name="CRH" TI="21392" Line="808" Offs="4"/>
    <Component Name="IDR" TI="21407" Line="809" Offs="8"/>
    <Component Name="ODR" TI="21422" Line="810" Offs="12"/>
    <Component Name="BSRR" TI="21437" Line="811" Offs="16"/>
    <Component Name="BRR" TI="21452" Line="812" Offs="20"/>
    <Component Name="LCKR" TI="21467" Line="813" Offs="24"/>
   </type>
   <type Family="typedef" Name="GPIO_TypeDef" Line="814" ID="21483" toTI="21368"/>
   <type Family="ComponentList" Line="982" ID="21495">
    <Component Name="CR1" TI="21504" Line="984" Offs="0"/>
    <Component Name="RESERVED0" TI="21519" Line="985" Offs="2"/>
    <Component Name="CR2" TI="21534" Line="986" Offs="4"/>
    <Component Name="RESERVED1" TI="21549" Line="987" Offs="6"/>
    <Component Name="SMCR" TI="21564" Line="988" Offs="8"/>
    <Component Name="RESERVED2" TI="21579" Line="989" Offs="10"/>
    <Component Name="DIER" TI="21594" Line="990" Offs="12"/>
    <Component Name="RESERVED3" TI="21609" Line="991" Offs="14"/>
    <Component Name="SR" TI="21624" Line="992" Offs="16"/>
    <Component Name="RESERVED4" TI="21638" Line="993" Offs="18"/>
    <Component Name="EGR" TI="21653" Line="994" Offs="20"/>
    <Component Name="RESERVED5" TI="21668" Line="995" Offs="22"/>
    <Component Name="CCMR1" TI="21683" Line="996" Offs="24"/>
    <Component Name="RESERVED6" TI="21698" Line="997" Offs="26"/>
    <Component Name="CCMR2" TI="21713" Line="998" Offs="28"/>
    <Component Name="RESERVED7" TI="21728" Line="999" Offs="30"/>
    <Component Name="CCER" TI="21743" Line="1000" Offs="32"/>
    <Component Name="RESERVED8" TI="21758" Line="1001" Offs="34"/>
    <Component Name="CNT" TI="21773" Line="1002" Offs="36"/>
    <Component Name="RESERVED9" TI="21788" Line="1003" Offs="38"/>
    <Component Name="PSC" TI="21803" Line="1004" Offs="40"/>
    <Component Name="RESERVED10" TI="21818" Line="1005" Offs="42"/>
    <Component Name="ARR" TI="21833" Line="1006" Offs="44"/>
    <Component Name="RESERVED11" TI="21848" Line="1007" Offs="46"/>
    <Component Name="RCR" TI="21863" Line="1008" Offs="48"/>
    <Component Name="RESERVED12" TI="21878" Line="1009" Offs="50"/>
    <Component Name="CCR1" TI="21893" Line="1010" Offs="52"/>
    <Component Name="RESERVED13" TI="21908" Line="1011" Offs="54"/>
    <Component Name="CCR2" TI="21923" Line="1012" Offs="56"/>
    <Component Name="RESERVED14" TI="21938" Line="1013" Offs="58"/>
    <Component Name="CCR3" TI="21953" Line="1014" Offs="60"/>
    <Component Name="RESERVED15" TI="21968" Line="1015" Offs="62"/>
    <Component Name="CCR4" TI="21983" Line="1016" Offs="64"/>
    <Component Name="RESERVED16" TI="21998" Line="1017" Offs="66"/>
    <Component Name="BDTR" TI="22013" Line="1018" Offs="68"/>
    <Component Name="RESERVED17" TI="22028" Line="1019" Offs="70"/>
    <Component Name="DCR" TI="22043" Line="1020" Offs="72"/>
    <Component Name="RESERVED18" TI="22058" Line="1021" Offs="74"/>
    <Component Name="DMAR" TI="22073" Line="1022" Offs="76"/>
    <Component Name="RESERVED19" TI="22088" Line="1023" Offs="78"/>
   </type>
   <type Family="typedef" Name="TIM_TypeDef" Line="1024" ID="22104" toTI="21495"/>
   <type Family="ComponentList" Line="1030" ID="22116">
    <Component Name="SR" TI="22125" Line="1032" Offs="0"/>
    <Component Name="RESERVED0" TI="22139" Line="1033" Offs="2"/>
    <Component Name="DR" TI="22154" Line="1034" Offs="4"/>
    <Component Name="RESERVED1" TI="22168" Line="1035" Offs="6"/>
    <Component Name="BRR" TI="22183" Line="1036" Offs="8"/>
    <Component Name="RESERVED2" TI="22198" Line="1037" Offs="10"/>
    <Component Name="CR1" TI="22213" Line="1038" Offs="12"/>
    <Component Name="RESERVED3" TI="22228" Line="1039" Offs="14"/>
    <Component Name="CR2" TI="22243" Line="1040" Offs="16"/>
    <Component Name="RESERVED4" TI="22258" Line="1041" Offs="18"/>
    <Component Name="CR3" TI="22273" Line="1042" Offs="20"/>
    <Component Name="RESERVED5" TI="22288" Line="1043" Offs="22"/>
    <Component Name="GTPR" TI="22303" Line="1044" Offs="24"/>
    <Component Name="RESERVED6" TI="22318" Line="1045" Offs="26"/>
   </type>
   <type Family="typedef" Name="USART_TypeDef" Line="1046" ID="22334" toTI="22116"/>
   <type Family="typedef" Name="GPIOSpeed_TypeDef" Line="62" ID="22373" toTI="22346"/>
   <type Family="typedef" Name="GPIOMode_TypeDef" Line="79" ID="22442" toTI="22384"/>
   <type Family="ComponentList" Line="90" ID="22453">
    <Component Name="GPIO_Pin" TI="22461" Line="92" Offs="0"/>
    <Component Name="GPIO_Speed" TI="22475" Line="95" Offs="2"/>
    <Component Name="GPIO_Mode" TI="22489" Line="98" Offs="3"/>
   </type>
   <type Family="typedef" Name="GPIO_InitTypeDef" Line="100" ID="22504" toTI="22453"/>
   <type Family="ComponentList" Line="50" ID="22515">
    <Component Name="TIM_Prescaler" TI="22523" Line="52" Offs="0"/>
    <Component Name="TIM_CounterMode" TI="22537" Line="55" Offs="2"/>
    <Component Name="TIM_Period" TI="22551" Line="58" Offs="4"/>
    <Component Name="TIM_ClockDivision" TI="22565" Line="62" Offs="6"/>
    <Component Name="TIM_RepetitionCounter" TI="22579" Line="65" Offs="8"/>
   </type>
   <type Family="typedef" Name="TIM_TimeBaseInitTypeDef" Line="73" ID="22594" toTI="22515"/>
   <type Family="ComponentList" Line="79" ID="22605">
    <Component Name="TIM_OCMode" TI="22613" Line="81" Offs="0"/>
    <Component Name="TIM_OutputState" TI="22627" Line="84" Offs="2"/>
    <Component Name="TIM_OutputNState" TI="22641" Line="87" Offs="4"/>
    <Component Name="TIM_Pulse" TI="22655" Line="91" Offs="6"/>
    <Component Name="TIM_OCPolarity" TI="22669" Line="94" Offs="8"/>
    <Component Name="TIM_OCNPolarity" TI="22683" Line="97" Offs="10"/>
    <Component Name="TIM_OCIdleState" TI="22697" Line="101" Offs="12"/>
    <Component Name="TIM_OCNIdleState" TI="22711" Line="105" Offs="14"/>
   </type>
   <type Family="typedef" Name="TIM_OCInitTypeDef" Line="108" ID="22726" toTI="22605"/>
   <type Family="ComponentList" Line="49" ID="22737">
    <Component Name="USART_BaudRate" TI="22745" Line="51" Offs="0"/>
    <Component Name="USART_WordLength" TI="22759" Line="56" Offs="4"/>
    <Component Name="USART_StopBits" TI="22773" Line="59" Offs="6"/>
    <Component Name="USART_Parity" TI="22787" Line="62" Offs="8"/>
    <Component Name="USART_Mode" TI="22801" Line="69" Offs="10"/>
    <Component Name="USART_HardwareFlowControl" TI="22815" Line="72" Offs="12"/>
   </type>
   <type Family="typedef" Name="USART_InitTypeDef" Line="75" ID="22830" toTI="22737"/>
   <type Family="ComponentList" Line="81" ID="22841">
    <Component Name="USART_Clock" TI="22849" Line="84" Offs="0"/>
    <Component Name="USART_CPOL" TI="22863" Line="87" Offs="2"/>
    <Component Name="USART_CPHA" TI="22877" Line="90" Offs="4"/>
    <Component Name="USART_LastBit" TI="22891" Line="93" Offs="6"/>
   </type>
   <type Family="typedef" Name="USART_ClockInitTypeDef" Line="96" ID="22906" toTI="22841"/>
   <type Family="ComponentList" Name="_MEMMARKER" Line="75" ID="22917">
    <Component Name="Size" TI="22929" Line="77" Offs="0"/>
    <Component Name="flags" TI="22943" Line="78" Offs="2"/>
   </type>
   <type Family="Pointer" TI="22969" toTI="22917"/>
   <type Family="typedef" Name="LPMEMMARKER" Line="79" ID="22958" toTI="22969"/>
   <type Family="Pointer" TI="23029" toTI="21279"/>
   <type Family="Pointer" TI="23792" toTI="23798"/>
   <function Name="my_printf" TI="0" FileName="C:\Temp\v10117\M\my_string.h" Line="82">
   <type Family="Pointer" TI="23899" toTI="21244"/>
    <parameter Name="str" TI="23899" FileName="C:\Temp\v10117\M\my_string.h" Line="82" Addr="0x1C000004" Param="Yes"/>
   </function >
   <function Name="main" TI="21220" FileName="C:\Temp\v10117\M\main.c" Line="46">
    <variable Name="GPIO_InitStructure" FileName="C:\Temp\v10117\M\main.c" Line="48" Addr="0x1C000034" TI="22504"/>
    <variable Name="USART_InitStructure" FileName="C:\Temp\v10117\M\main.c" Line="49" Addr="0x1C000024" TI="22830"/>
    <variable Name="usacis" FileName="C:\Temp\v10117\M\main.c" Line="50" Addr="0x1C00001C" TI="22906"/>
    <variable Name="TIM_TimeBaseStructure" FileName="C:\Temp\v10117\M\main.c" Line="51" Addr="0x1C000010" TI="22594"/>
    <variable Name="TIM_OCInitStructure" FileName="C:\Temp\v10117\M\main.c" Line="52" Addr="0x1C000000" TI="22726"/>
   </function >
   <function Name="RCC_Configuration" TI="0" FileName="C:\Temp\v10117\M\main.c" Line="182">
   </function >
   <function Name="NVIC_Configuration" TI="0" FileName="C:\Temp\v10117\M\main.c" Line="281">
   </function >
   <function Name="my_putchar" TI="0" FileName="C:\Temp\v10117\M\main.c" Line="299">
    <parameter Name="ch" TI="21279" FileName="C:\Temp\v10117\M\main.c" Line="299" Addr="0x1C000007" Param="Yes"/>
   </function >
   <function Name="Delay" TI="0" FileName="C:\Temp\v10117\M\main.c" Line="343">
    <parameter Name="nCount" TI="24254" FileName="C:\Temp\v10117\M\main.c" Line="343" Addr="0x1C000004" Param="Yes"/>
   </function >
   <variable Name="es" FileName="C:\Temp\v10117\M\main.c" Line="37" Addr="0x20001034" TI="21356"/>
  </module>
 </modulelist>
</aoffile>

