<!-- DWF2XML 2.00.01 - Raisonance Dwarf information extractor -->
<aoffile Filename="Maradona" dwarf="1">
 <modulelist>
  <module Name="C:\Temp\v10117\M\libraries\STlib310\src\misc.c" >
   <type Family="Base" Name="signed char" ID="37"/>
   <type Family="Base" Name="unsigned char" ID="55"/>
   <type Family="typedef" Name="uint8_t" Line="42" ID="44" toTI="55"/>
   <type Family="Base" Name="short int" ID="62"/>
   <type Family="Base" Name="short unsigned int" ID="69"/>
   <type Family="Base" Name="long int" ID="76"/>
   <type Family="Base" Name="long unsigned int" ID="94"/>
   <type Family="typedef" Name="uint32_t" Line="80" ID="83" toTI="94"/>
   <type Family="Base" Name="long long int" ID="101"/>
   <type Family="Base" Name="long long unsigned int" ID="108"/>
   <type Family="Base" Name="int" ID="115"/>
   <type Family="Base" Name="unsigned int" ID="122"/>
   <type Family="ComponentList" Line="134" ID="129">
   <type Family="array" ID="331" toTI="83"/>
    <Component Name="ISER" TI="138" Line="136" Offs="0"/>
   <type Family="array" ID="352" toTI="83"/>
    <Component Name="RESERVED0" TI="152" Line="137" Offs="32"/>
    <Component Name="ICER" TI="166" Line="138" Offs="128"/>
    <Component Name="RSERVED1" TI="181" Line="139" Offs="160"/>
    <Component Name="ISPR" TI="196" Line="140" Offs="256"/>
    <Component Name="RESERVED2" TI="211" Line="141" Offs="288"/>
    <Component Name="ICPR" TI="226" Line="142" Offs="384"/>
    <Component Name="RESERVED3" TI="241" Line="143" Offs="416"/>
    <Component Name="IABR" TI="256" Line="144" Offs="512"/>
   <type Family="array" ID="388" toTI="83"/>
    <Component Name="RESERVED4" TI="271" Line="145" Offs="544"/>
   <type Family="array" ID="404" toTI="44"/>
    <Component Name="IP" TI="286" Line="146" Offs="768"/>
   <type Family="array" ID="425" toTI="83"/>
    <Component Name="RESERVED5" TI="300" Line="147" Offs="1008"/>
    <Component Name="STIR" TI="315" Line="148" Offs="3584"/>
   </type>
   <type Family="typedef" Name="NVIC_Type" Line="149" ID="447" toTI="129"/>
   <type Family="ComponentList" Line="153" ID="458">
    <Component Name="CPUID" TI="466" Line="155" Offs="0"/>
    <Component Name="ICSR" TI="480" Line="156" Offs="4"/>
    <Component Name="VTOR" TI="494" Line="157" Offs="8"/>
    <Component Name="AIRCR" TI="508" Line="158" Offs="12"/>
    <Component Name="SCR" TI="522" Line="159" Offs="16"/>
    <Component Name="CCR" TI="536" Line="160" Offs="20"/>
   <type Family="array" ID="738" toTI="44"/>
    <Component Name="SHP" TI="550" Line="161" Offs="24"/>
    <Component Name="SHCSR" TI="564" Line="162" Offs="36"/>
    <Component Name="CFSR" TI="578" Line="163" Offs="40"/>
    <Component Name="HFSR" TI="592" Line="164" Offs="44"/>
    <Component Name="DFSR" TI="606" Line="165" Offs="48"/>
    <Component Name="MMFAR" TI="620" Line="166" Offs="52"/>
    <Component Name="BFAR" TI="634" Line="167" Offs="56"/>
    <Component Name="AFSR" TI="648" Line="168" Offs="60"/>
   <type Family="array" ID="759" toTI="83"/>
    <Component Name="PFR" TI="662" Line="169" Offs="64"/>
    <Component Name="DFR" TI="676" Line="170" Offs="72"/>
    <Component Name="ADR" TI="690" Line="171" Offs="76"/>
   <type Family="array" ID="785" toTI="83"/>
    <Component Name="MMFR" TI="704" Line="172" Offs="80"/>
   <type Family="array" ID="811" toTI="83"/>
    <Component Name="ISAR" TI="718" Line="173" Offs="96"/>
   </type>
   <type Family="typedef" Name="SCB_Type" Line="174" ID="837" toTI="458"/>
   <type Family="ComponentList" Line="178" ID="848">
    <Component Name="CTRL" TI="856" Line="180" Offs="0"/>
    <Component Name="LOAD" TI="870" Line="181" Offs="4"/>
    <Component Name="VAL" TI="884" Line="182" Offs="8"/>
    <Component Name="CALIB" TI="898" Line="183" Offs="12"/>
   </type>
   <type Family="typedef" Name="SysTick_Type" Line="184" ID="913" toTI="848"/>
   <type Family="typedef" Name="FunctionalState" Line="354" ID="946" toTI="924"/>
   <type Family="ComponentList" Line="49" ID="958">
    <Component Name="NVIC_IRQChannel" TI="966" Line="51" Offs="0"/>
    <Component Name="NVIC_IRQChannelPreemptionPriority" TI="980" Line="56" Offs="1"/>
    <Component Name="NVIC_IRQChannelSubPriority" TI="994" Line="60" Offs="2"/>
    <Component Name="NVIC_IRQChannelCmd" TI="1008" Line="64" Offs="3"/>
   </type>
   <type Family="typedef" Name="NVIC_InitTypeDef" Line="67" ID="1023" toTI="958"/>
   <type Family="Pointer" TI="1160" toTI="1023"/>
   <function Name="NVIC_SetVectorTable" TI="0" FileName="C:\Temp\v10117\M\libraries\STlib310\src\misc.c" Line="154">
    <parameter Name="NVIC_VectTab" TI="83" FileName="C:\Temp\v10117\M\libraries\STlib310\src\misc.c" Line="154" Addr="0x0" Param="Yes"/>
    <parameter Name="Offset" TI="83" FileName="C:\Temp\v10117\M\libraries\STlib310\src\misc.c" Line="154" Addr="0x1" Param="Yes"/>
   </function >
  </module>
  <module Name="C:\Temp\v10117\M\libraries\STlib310\src\stm32f10x_exti.c" >
   <type Family="Base" Name="signed char" ID="1344"/>
   <type Family="Base" Name="unsigned char" ID="1351"/>
   <type Family="Base" Name="short int" ID="1358"/>
   <type Family="Base" Name="short unsigned int" ID="1365"/>
   <type Family="Base" Name="long int" ID="1372"/>
   <type Family="Base" Name="long unsigned int" ID="1390"/>
   <type Family="typedef" Name="uint32_t" Line="80" ID="1379" toTI="1390"/>
   <type Family="Base" Name="long long int" ID="1397"/>
   <type Family="Base" Name="long long unsigned int" ID="1404"/>
   <type Family="Base" Name="int" ID="1411"/>
   <type Family="Base" Name="unsigned int" ID="1418"/>
   <type Family="typedef" Name="FlagStatus" Line="352" ID="1452" toTI="1430"/>
   <type Family="typedef" Name="ITStatus" Line="352" ID="1464" toTI="1430"/>
   <type Family="typedef" Name="FunctionalState" Line="354" ID="1498" toTI="1476"/>
   <type Family="ComponentList" Line="699" ID="1510">
    <Component Name="IMR" TI="1519" Line="701" Offs="0"/>
    <Component Name="EMR" TI="1534" Line="702" Offs="4"/>
    <Component Name="RTSR" TI="1549" Line="703" Offs="8"/>
    <Component Name="FTSR" TI="1564" Line="704" Offs="12"/>
    <Component Name="SWIER" TI="1579" Line="705" Offs="16"/>
    <Component Name="PR" TI="1594" Line="706" Offs="20"/>
   </type>
   <type Family="typedef" Name="EXTI_TypeDef" Line="707" ID="1609" toTI="1510"/>
   <type Family="typedef" Name="EXTIMode_TypeDef" Line="53" ID="1642" toTI="1621"/>
   <type Family="typedef" Name="EXTITrigger_TypeDef" Line="66" ID="1680" toTI="1653"/>
   <type Family="ComponentList" Line="75" ID="1691">
    <Component Name="EXTI_Line" TI="1699" Line="77" Offs="0"/>
    <Component Name="EXTI_Mode" TI="1713" Line="80" Offs="4"/>
    <Component Name="EXTI_Trigger" TI="1727" Line="83" Offs="5"/>
    <Component Name="EXTI_LineCmd" TI="1741" Line="86" Offs="6"/>
   </type>
   <type Family="typedef" Name="EXTI_InitTypeDef" Line="88" ID="1756" toTI="1691"/>
   <type Family="Pointer" TI="1841" toTI="1756"/>
  </module>
  <module Name="C:\Temp\v10117\M\libraries\STlib310\src\stm32f10x_flash.c" >
   <type Family="Base" Name="signed char" ID="2166"/>
   <type Family="Base" Name="unsigned char" ID="2184"/>
   <type Family="typedef" Name="uint8_t" Line="42" ID="2173" toTI="2184"/>
   <type Family="Base" Name="short int" ID="2191"/>
   <type Family="Base" Name="short unsigned int" ID="2209"/>
   <type Family="typedef" Name="uint16_t" Line="54" ID="2198" toTI="2209"/>
   <type Family="Base" Name="long int" ID="2216"/>
   <type Family="Base" Name="long unsigned int" ID="2234"/>
   <type Family="typedef" Name="uint32_t" Line="80" ID="2223" toTI="2234"/>
   <type Family="Base" Name="long long int" ID="2241"/>
   <type Family="Base" Name="long long unsigned int" ID="2248"/>
   <type Family="Base" Name="int" ID="2255"/>
   <type Family="Base" Name="unsigned int" ID="2262"/>
   <type Family="typedef" Name="FlagStatus" Line="352" ID="2301" toTI="2279"/>
   <type Family="typedef" Name="FunctionalState" Line="354" ID="2335" toTI="2313"/>
   <type Family="ComponentList" Line="713" ID="2347">
    <Component Name="ACR" TI="2356" Line="715" Offs="0"/>
    <Component Name="KEYR" TI="2371" Line="716" Offs="4"/>
    <Component Name="OPTKEYR" TI="2386" Line="717" Offs="8"/>
    <Component Name="SR" TI="2401" Line="718" Offs="12"/>
    <Component Name="CR" TI="2415" Line="719" Offs="16"/>
    <Component Name="AR" TI="2429" Line="720" Offs="20"/>
    <Component Name="RESERVED" TI="2443" Line="721" Offs="24"/>
    <Component Name="OBR" TI="2458" Line="722" Offs="28"/>
    <Component Name="WRPR" TI="2473" Line="723" Offs="32"/>
   </type>
   <type Family="typedef" Name="FLASH_TypeDef" Line="724" ID="2489" toTI="2347"/>
   <type Family="ComponentList" Line="730" ID="2501">
    <Component Name="RDP" TI="2510" Line="732" Offs="0"/>
    <Component Name="USER" TI="2525" Line="733" Offs="2"/>
    <Component Name="Data0" TI="2540" Line="734" Offs="4"/>
    <Component Name="Data1" TI="2555" Line="735" Offs="6"/>
    <Component Name="WRP0" TI="2570" Line="736" Offs="8"/>
    <Component Name="WRP1" TI="2585" Line="737" Offs="10"/>
    <Component Name="WRP2" TI="2600" Line="738" Offs="12"/>
    <Component Name="WRP3" TI="2615" Line="739" Offs="14"/>
   </type>
   <type Family="typedef" Name="OB_TypeDef" Line="740" ID="2631" toTI="2501"/>
   <type Family="typedef" Name="FLASH_Status" Line="56" ID="2682" toTI="2643"/>
   <function Name="FLASH_SetLatency" TI="0" FileName="C:\Temp\v10117\M\libraries\STlib310\src\stm32f10x_flash.c" Line="125">
    <parameter Name="FLASH_Latency" TI="2223" FileName="C:\Temp\v10117\M\libraries\STlib310\src\stm32f10x_flash.c" Line="125" Addr="0x0" Param="Yes"/>
    <variable Name="tmpreg" FileName="C:\Temp\v10117\M\libraries\STlib310\src\stm32f10x_flash.c" Line="127" Addr="0x0" TI="2223"/>
   </function >
   <function Name="FLASH_PrefetchBufferCmd" TI="0" FileName="C:\Temp\v10117\M\libraries\STlib310\src\stm32f10x_flash.c" Line="169">
    <parameter Name="FLASH_PrefetchBuffer" TI="2223" FileName="C:\Temp\v10117\M\libraries\STlib310\src\stm32f10x_flash.c" Line="169" Addr="0x0" Param="Yes"/>
   </function >
  </module>
  <module Name="C:\Temp\v10117\M\libraries\STlib310\src\stm32f10x_fsmc.c" >
   <type Family="Base" Name="signed char" ID="4043"/>
   <type Family="Base" Name="unsigned char" ID="4050"/>
   <type Family="Base" Name="short int" ID="4057"/>
   <type Family="Base" Name="short unsigned int" ID="4075"/>
   <type Family="typedef" Name="uint16_t" Line="54" ID="4064" toTI="4075"/>
   <type Family="Base" Name="long int" ID="4082"/>
   <type Family="Base" Name="long unsigned int" ID="4100"/>
   <type Family="typedef" Name="uint32_t" Line="80" ID="4089" toTI="4100"/>
   <type Family="Base" Name="long long int" ID="4107"/>
   <type Family="Base" Name="long long unsigned int" ID="4114"/>
   <type Family="Base" Name="int" ID="4121"/>
   <type Family="Base" Name="unsigned int" ID="4128"/>
   <type Family="array" ID="4135" toTI="4089"/>
   <type Family="typedef" Name="FlagStatus" Line="352" ID="4178" toTI="4156"/>
   <type Family="typedef" Name="ITStatus" Line="352" ID="4190" toTI="4156"/>
   <type Family="typedef" Name="FunctionalState" Line="354" ID="4224" toTI="4202"/>
   <type Family="ComponentList" Line="746" ID="4236">
    <Component Name="BTCR" TI="4245" Line="748" Offs="0"/>
   </type>
   <type Family="typedef" Name="FSMC_Bank1_TypeDef" Line="749" ID="4266" toTI="4236"/>
   <type Family="ComponentList" Line="755" ID="4278">
   <type Family="array" ID="4303" toTI="4089"/>
    <Component Name="BWTR" TI="4287" Line="757" Offs="0"/>
   </type>
   <type Family="typedef" Name="FSMC_Bank1E_TypeDef" Line="758" ID="4324" toTI="4278"/>
   <type Family="ComponentList" Line="764" ID="4336">
    <Component Name="PCR2" TI="4345" Line="766" Offs="0"/>
    <Component Name="SR2" TI="4360" Line="767" Offs="4"/>
    <Component Name="PMEM2" TI="4375" Line="768" Offs="8"/>
    <Component Name="PATT2" TI="4390" Line="769" Offs="12"/>
    <Component Name="RESERVED0" TI="4405" Line="770" Offs="16"/>
    <Component Name="ECCR2" TI="4420" Line="771" Offs="20"/>
   </type>
   <type Family="typedef" Name="FSMC_Bank2_TypeDef" Line="772" ID="4436" toTI="4336"/>
   <type Family="ComponentList" Line="778" ID="4448">
    <Component Name="PCR3" TI="4457" Line="780" Offs="0"/>
    <Component Name="SR3" TI="4472" Line="781" Offs="4"/>
    <Component Name="PMEM3" TI="4487" Line="782" Offs="8"/>
    <Component Name="PATT3" TI="4502" Line="783" Offs="12"/>
    <Component Name="RESERVED0" TI="4517" Line="784" Offs="16"/>
    <Component Name="ECCR3" TI="4532" Line="785" Offs="20"/>
   </type>
   <type Family="typedef" Name="FSMC_Bank3_TypeDef" Line="786" ID="4548" toTI="4448"/>
   <type Family="ComponentList" Line="792" ID="4560">
    <Component Name="PCR4" TI="4569" Line="794" Offs="0"/>
    <Component Name="SR4" TI="4584" Line="795" Offs="4"/>
    <Component Name="PMEM4" TI="4599" Line="796" Offs="8"/>
    <Component Name="PATT4" TI="4614" Line="797" Offs="12"/>
    <Component Name="PIO4" TI="4629" Line="798" Offs="16"/>
   </type>
   <type Family="typedef" Name="FSMC_Bank4_TypeDef" Line="799" ID="4645" toTI="4560"/>
   <type Family="ComponentList" Line="49" ID="4657">
    <Component Name="FSMC_AddressSetupTime" TI="4665" Line="51" Offs="0"/>
    <Component Name="FSMC_AddressHoldTime" TI="4679" Line="56" Offs="4"/>
    <Component Name="FSMC_DataSetupTime" TI="4693" Line="61" Offs="8"/>
    <Component Name="FSMC_BusTurnAroundDuration" TI="4707" Line="66" Offs="12"/>
    <Component Name="FSMC_CLKDivision" TI="4721" Line="71" Offs="16"/>
    <Component Name="FSMC_DataLatency" TI="4735" Line="75" Offs="20"/>
    <Component Name="FSMC_AccessMode" TI="4749" Line="83" Offs="24"/>
   </type>
   <type Family="typedef" Name="FSMC_NORSRAMTimingInitTypeDef" Line="85" ID="4764" toTI="4657"/>
   <type Family="ComponentList" Line="91" ID="4775">
    <Component Name="FSMC_Bank" TI="4783" Line="93" Offs="0"/>
    <Component Name="FSMC_DataAddressMux" TI="4797" Line="96" Offs="4"/>
    <Component Name="FSMC_MemoryType" TI="4811" Line="100" Offs="8"/>
    <Component Name="FSMC_MemoryDataWidth" TI="4825" Line="104" Offs="12"/>
    <Component Name="FSMC_BurstAccessMode" TI="4839" Line="107" Offs="16"/>
    <Component Name="FSMC_WaitSignalPolarity" TI="4853" Line="111" Offs="20"/>
    <Component Name="FSMC_WrapMode" TI="4867" Line="115" Offs="24"/>
    <Component Name="FSMC_WaitSignalActive" TI="4881" Line="119" Offs="28"/>
    <Component Name="FSMC_WriteOperation" TI="4895" Line="124" Offs="32"/>
    <Component Name="FSMC_WaitSignal" TI="4909" Line="127" Offs="36"/>
    <Component Name="FSMC_ExtendedMode" TI="4923" Line="131" Offs="40"/>
    <Component Name="FSMC_WriteBurst" TI="4937" Line="134" Offs="44"/>
   <type Family="Pointer" TI="4980" toTI="4764"/>
    <Component Name="FSMC_ReadWriteTimingStruct" TI="4951" Line="137" Offs="48"/>
    <Component Name="FSMC_WriteTimingStruct" TI="4965" Line="139" Offs="52"/>
   </type>
   <type Family="typedef" Name="FSMC_NORSRAMInitTypeDef" Line="140" ID="4986" toTI="4775"/>
   <type Family="ComponentList" Line="146" ID="4997">
    <Component Name="FSMC_SetupTime" TI="5005" Line="148" Offs="0"/>
    <Component Name="FSMC_WaitSetupTime" TI="5019" Line="154" Offs="4"/>
    <Component Name="FSMC_HoldSetupTime" TI="5033" Line="160" Offs="8"/>
    <Component Name="FSMC_HiZSetupTime" TI="5047" Line="167" Offs="12"/>
   </type>
   <type Family="typedef" Name="FSMC_NAND_PCCARDTimingInitTypeDef" Line="172" ID="5062" toTI="4997"/>
   <type Family="ComponentList" Line="178" ID="5073">
    <Component Name="FSMC_Bank" TI="5081" Line="180" Offs="0"/>
    <Component Name="FSMC_Waitfeature" TI="5095" Line="183" Offs="4"/>
    <Component Name="FSMC_MemoryDataWidth" TI="5109" Line="186" Offs="8"/>
    <Component Name="FSMC_ECC" TI="5123" Line="189" Offs="12"/>
    <Component Name="FSMC_ECCPageSize" TI="5137" Line="192" Offs="16"/>
    <Component Name="FSMC_TCLRSetupTime" TI="5151" Line="195" Offs="20"/>
    <Component Name="FSMC_TARSetupTime" TI="5165" Line="199" Offs="24"/>
   <type Family="Pointer" TI="5208" toTI="5062"/>
    <Component Name="FSMC_CommonSpaceTimingStruct" TI="5179" Line="203" Offs="28"/>
    <Component Name="FSMC_AttributeSpaceTimingStruct" TI="5193" Line="205" Offs="32"/>
   </type>
   <type Family="typedef" Name="FSMC_NANDInitTypeDef" Line="206" ID="5214" toTI="5073"/>
   <type Family="ComponentList" Line="212" ID="5225">
    <Component Name="FSMC_Waitfeature" TI="5233" Line="214" Offs="0"/>
    <Component Name="FSMC_TCLRSetupTime" TI="5247" Line="217" Offs="4"/>
    <Component Name="FSMC_TARSetupTime" TI="5261" Line="221" Offs="8"/>
    <Component Name="FSMC_CommonSpaceTimingStruct" TI="5275" Line="226" Offs="12"/>
    <Component Name="FSMC_AttributeSpaceTimingStruct" TI="5289" Line="228" Offs="16"/>
    <Component Name="FSMC_IOSpaceTimingStruct" TI="5303" Line="230" Offs="20"/>
   </type>
   <type Family="typedef" Name="FSMC_PCCARDInitTypeDef" Line="231" ID="5318" toTI="5225"/>
   <type Family="Pointer" TI="5468" toTI="4986"/>
   <type Family="Pointer" TI="5563" toTI="5214"/>
   <type Family="Pointer" TI="5612" toTI="5318"/>
  </module>
  <module Name="C:\Temp\v10117\M\libraries\STlib310\src\stm32f10x_gpio.c" >
   <type Family="Base" Name="signed char" ID="6445"/>
   <type Family="Base" Name="unsigned char" ID="6463"/>
   <type Family="typedef" Name="uint8_t" Line="42" ID="6452" toTI="6463"/>
   <type Family="Base" Name="short int" ID="6470"/>
   <type Family="Base" Name="short unsigned int" ID="6488"/>
   <type Family="typedef" Name="uint16_t" Line="54" ID="6477" toTI="6488"/>
   <type Family="Base" Name="long int" ID="6495"/>
   <type Family="Base" Name="long unsigned int" ID="6513"/>
   <type Family="typedef" Name="uint32_t" Line="80" ID="6502" toTI="6513"/>
   <type Family="Base" Name="long long int" ID="6520"/>
   <type Family="Base" Name="long long unsigned int" ID="6527"/>
   <type Family="Base" Name="int" ID="6534"/>
   <type Family="Base" Name="unsigned int" ID="6541"/>
   <type Family="array" ID="6553" toTI="6502"/>
   <type Family="typedef" Name="u8" Line="334" ID="6569" toTI="6452"/>
   <type Family="typedef" Name="FunctionalState" Line="354" ID="6602" toTI="6580"/>
   <type Family="ComponentList" Line="805" ID="6614">
    <Component Name="CRL" TI="6623" Line="807" Offs="0"/>
    <Component Name="CRH" TI="6638" Line="808" Offs="4"/>
    <Component Name="IDR" TI="6653" Line="809" Offs="8"/>
    <Component Name="ODR" TI="6668" Line="810" Offs="12"/>
    <Component Name="BSRR" TI="6683" Line="811" Offs="16"/>
    <Component Name="BRR" TI="6698" Line="812" Offs="20"/>
    <Component Name="LCKR" TI="6713" Line="813" Offs="24"/>
   </type>
   <type Family="typedef" Name="GPIO_TypeDef" Line="814" ID="6729" toTI="6614"/>
   <type Family="ComponentList" Line="820" ID="6741">
    <Component Name="EVCR" TI="6750" Line="822" Offs="0"/>
    <Component Name="MAPR" TI="6765" Line="823" Offs="4"/>
    <Component Name="EXTICR" TI="6780" Line="824" Offs="8"/>
   </type>
   <type Family="typedef" Name="AFIO_TypeDef" Line="825" ID="6801" toTI="6741"/>
   <type Family="typedef" Name="GPIOSpeed_TypeDef" Line="62" ID="6840" toTI="6813"/>
   <type Family="typedef" Name="GPIOMode_TypeDef" Line="79" ID="6909" toTI="6851"/>
   <type Family="ComponentList" Line="90" ID="6920">
    <Component Name="GPIO_Pin" TI="6928" Line="92" Offs="0"/>
    <Component Name="GPIO_Speed" TI="6942" Line="95" Offs="2"/>
    <Component Name="GPIO_Mode" TI="6956" Line="98" Offs="3"/>
   </type>
   <type Family="typedef" Name="GPIO_InitTypeDef" Line="100" ID="6971" toTI="6920"/>
   <type Family="typedef" Name="BitAction" Line="110" ID="7003" toTI="6982"/>
   <type Family="Pointer" TI="7055" toTI="6729"/>
   <function Name="GPIO_Init" TI="0" FileName="C:\Temp\v10117\M\libraries\STlib310\src\stm32f10x_gpio.c" Line="172">
    <parameter Name="GPIOx" TI="7055" FileName="C:\Temp\v10117\M\libraries\STlib310\src\stm32f10x_gpio.c" Line="172" Addr="0x0" Param="Yes"/>
   <type Family="Pointer" TI="7224" toTI="6971"/>
    <parameter Name="GPIO_InitStruct" TI="7224" FileName="C:\Temp\v10117\M\libraries\STlib310\src\stm32f10x_gpio.c" Line="172" Addr="0x1" Param="Yes"/>
    <variable Name="currentmode" FileName="C:\Temp\v10117\M\libraries\STlib310\src\stm32f10x_gpio.c" Line="174" Addr="0x0" TI="6502"/>
    <variable Name="currentpin" FileName="C:\Temp\v10117\M\libraries\STlib310\src\stm32f10x_gpio.c" Line="174" Addr="0x0" TI="6502"/>
    <variable Name="pinpos" FileName="C:\Temp\v10117\M\libraries\STlib310\src\stm32f10x_gpio.c" Line="174" Addr="0x0" TI="6502"/>
    <variable Name="pos" FileName="C:\Temp\v10117\M\libraries\STlib310\src\stm32f10x_gpio.c" Line="174" Addr="0x0" TI="6502"/>
    <variable Name="tmpreg" FileName="C:\Temp\v10117\M\libraries\STlib310\src\stm32f10x_gpio.c" Line="175" Addr="0x0" TI="6502"/>
    <variable Name="pinmask" FileName="C:\Temp\v10117\M\libraries\STlib310\src\stm32f10x_gpio.c" Line="175" Addr="0x0" TI="6502"/>
   </function >
   <function Name="GPIO_Write" TI="0" FileName="C:\Temp\v10117\M\libraries\STlib310\src\stm32f10x_gpio.c" Line="416">
    <parameter Name="GPIOx" TI="7055" FileName="C:\Temp\v10117\M\libraries\STlib310\src\stm32f10x_gpio.c" Line="416" Addr="0x0" Param="Yes"/>
    <parameter Name="PortVal" TI="6477" FileName="C:\Temp\v10117\M\libraries\STlib310\src\stm32f10x_gpio.c" Line="416" Addr="0x1" Param="Yes"/>
   </function >
  </module>
  <module Name="C:\Temp\v10117\M\libraries\STlib310\src\stm32f10x_rcc.c" >
   <type Family="Base" Name="signed char" ID="8195"/>
   <type Family="Base" Name="unsigned char" ID="8213"/>
   <type Family="typedef" Name="uint8_t" Line="42" ID="8202" toTI="8213"/>
   <type Family="Base" Name="short int" ID="8220"/>
   <type Family="Base" Name="short unsigned int" ID="8238"/>
   <type Family="typedef" Name="uint16_t" Line="54" ID="8227" toTI="8238"/>
   <type Family="Base" Name="long int" ID="8245"/>
   <type Family="Base" Name="long unsigned int" ID="8263"/>
   <type Family="typedef" Name="uint32_t" Line="80" ID="8252" toTI="8263"/>
   <type Family="Base" Name="long long int" ID="8270"/>
   <type Family="Base" Name="long long unsigned int" ID="8277"/>
   <type Family="Base" Name="int" ID="8284"/>
   <type Family="Base" Name="unsigned int" ID="8291"/>
   <type Family="typedef" Name="FlagStatus" Line="352" ID="8325" toTI="8303"/>
   <type Family="typedef" Name="ITStatus" Line="352" ID="8337" toTI="8303"/>
   <type Family="typedef" Name="FunctionalState" Line="354" ID="8371" toTI="8349"/>
   <type Family="typedef" Name="ErrorStatus" Line="357" ID="8405" toTI="8383"/>
   <type Family="ComponentList" Line="878" ID="8417">
    <Component Name="CR" TI="8426" Line="880" Offs="0"/>
    <Component Name="CFGR" TI="8440" Line="881" Offs="4"/>
    <Component Name="CIR" TI="8455" Line="882" Offs="8"/>
    <Component Name="APB2RSTR" TI="8470" Line="883" Offs="12"/>
    <Component Name="APB1RSTR" TI="8485" Line="884" Offs="16"/>
    <Component Name="AHBENR" TI="8500" Line="885" Offs="20"/>
    <Component Name="APB2ENR" TI="8515" Line="886" Offs="24"/>
    <Component Name="APB1ENR" TI="8530" Line="887" Offs="28"/>
    <Component Name="BDCR" TI="8545" Line="888" Offs="32"/>
    <Component Name="CSR" TI="8560" Line="889" Offs="36"/>
   </type>
   <type Family="typedef" Name="RCC_TypeDef" Line="894" ID="8576" toTI="8417"/>
   <type Family="ComponentList" Line="45" ID="8588">
    <Component Name="SYSCLK_Frequency" TI="8596" Line="47" Offs="0"/>
    <Component Name="HCLK_Frequency" TI="8610" Line="48" Offs="4"/>
    <Component Name="PCLK1_Frequency" TI="8624" Line="49" Offs="8"/>
    <Component Name="PCLK2_Frequency" TI="8638" Line="50" Offs="12"/>
    <Component Name="ADCCLK_Frequency" TI="8652" Line="51" Offs="16"/>
   </type>
   <type Family="typedef" Name="RCC_ClocksTypeDef" Line="52" ID="8667" toTI="8588"/>
   <function Name="RCC_DeInit" TI="0" FileName="C:\Temp\v10117\M\libraries\STlib310\src\stm32f10x_rcc.c" Line="224">
   </function >
   <function Name="RCC_HSEConfig" TI="0" FileName="C:\Temp\v10117\M\libraries\STlib310\src\stm32f10x_rcc.c" Line="270">
    <parameter Name="RCC_HSE" TI="8252" FileName="C:\Temp\v10117\M\libraries\STlib310\src\stm32f10x_rcc.c" Line="270" Addr="0x0" Param="Yes"/>
   </function >
   <function Name="RCC_PLLConfig" TI="0" FileName="C:\Temp\v10117\M\libraries\STlib310\src\stm32f10x_rcc.c" Line="378">
    <parameter Name="RCC_PLLSource" TI="8252" FileName="C:\Temp\v10117\M\libraries\STlib310\src\stm32f10x_rcc.c" Line="378" Addr="0x0" Param="Yes"/>
    <parameter Name="RCC_PLLMul" TI="8252" FileName="C:\Temp\v10117\M\libraries\STlib310\src\stm32f10x_rcc.c" Line="378" Addr="0x1" Param="Yes"/>
    <variable Name="tmpreg" FileName="C:\Temp\v10117\M\libraries\STlib310\src\stm32f10x_rcc.c" Line="380" Addr="0x0" TI="8252"/>
   </function >
   <function Name="RCC_PLLCmd" TI="0" FileName="C:\Temp\v10117\M\libraries\STlib310\src\stm32f10x_rcc.c" Line="401">
    <parameter Name="NewState" TI="8371" FileName="C:\Temp\v10117\M\libraries\STlib310\src\stm32f10x_rcc.c" Line="401" Addr="0x0" Param="Yes"/>
   </function >
   <function Name="RCC_SYSCLKConfig" TI="0" FileName="C:\Temp\v10117\M\libraries\STlib310\src\stm32f10x_rcc.c" Line="560">
    <parameter Name="RCC_SYSCLKSource" TI="8252" FileName="C:\Temp\v10117\M\libraries\STlib310\src\stm32f10x_rcc.c" Line="560" Addr="0x0" Param="Yes"/>
    <variable Name="tmpreg" FileName="C:\Temp\v10117\M\libraries\STlib310\src\stm32f10x_rcc.c" Line="562" Addr="0x0" TI="8252"/>
   </function >
   <function Name="RCC_GetSYSCLKSource" TI="8202" FileName="C:\Temp\v10117\M\libraries\STlib310\src\stm32f10x_rcc.c" Line="583">
   </function >
   <function Name="RCC_HCLKConfig" TI="0" FileName="C:\Temp\v10117\M\libraries\STlib310\src\stm32f10x_rcc.c" Line="604">
    <parameter Name="RCC_SYSCLK" TI="8252" FileName="C:\Temp\v10117\M\libraries\STlib310\src\stm32f10x_rcc.c" Line="604" Addr="0x0" Param="Yes"/>
    <variable Name="tmpreg" FileName="C:\Temp\v10117\M\libraries\STlib310\src\stm32f10x_rcc.c" Line="606" Addr="0x0" TI="8252"/>
   </function >
   <function Name="RCC_PCLK1Config" TI="0" FileName="C:\Temp\v10117\M\libraries\STlib310\src\stm32f10x_rcc.c" Line="630">
    <parameter Name="RCC_HCLK" TI="8252" FileName="C:\Temp\v10117\M\libraries\STlib310\src\stm32f10x_rcc.c" Line="630" Addr="0x0" Param="Yes"/>
    <variable Name="tmpreg" FileName="C:\Temp\v10117\M\libraries\STlib310\src\stm32f10x_rcc.c" Line="632" Addr="0x0" TI="8252"/>
   </function >
   <function Name="RCC_PCLK2Config" TI="0" FileName="C:\Temp\v10117\M\libraries\STlib310\src\stm32f10x_rcc.c" Line="656">
    <parameter Name="RCC_HCLK" TI="8252" FileName="C:\Temp\v10117\M\libraries\STlib310\src\stm32f10x_rcc.c" Line="656" Addr="0x0" Param="Yes"/>
    <variable Name="tmpreg" FileName="C:\Temp\v10117\M\libraries\STlib310\src\stm32f10x_rcc.c" Line="658" Addr="0x0" TI="8252"/>
   </function >
   <function Name="RCC_GetClocksFreq" TI="0" FileName="C:\Temp\v10117\M\libraries\STlib310\src\stm32f10x_rcc.c" Line="902">
   <type Family="Pointer" TI="9610" toTI="8667"/>
    <parameter Name="RCC_Clocks" TI="9610" FileName="C:\Temp\v10117\M\libraries\STlib310\src\stm32f10x_rcc.c" Line="902" Addr="0x0" Param="Yes"/>
    <variable Name="tmp" FileName="C:\Temp\v10117\M\libraries\STlib310\src\stm32f10x_rcc.c" Line="904" Addr="0x0" TI="8252"/>
    <variable Name="pllmull" FileName="C:\Temp\v10117\M\libraries\STlib310\src\stm32f10x_rcc.c" Line="904" Addr="0x0" TI="8252"/>
    <variable Name="pllsource" FileName="C:\Temp\v10117\M\libraries\STlib310\src\stm32f10x_rcc.c" Line="904" Addr="0x0" TI="8252"/>
    <variable Name="presc" FileName="C:\Temp\v10117\M\libraries\STlib310\src\stm32f10x_rcc.c" Line="904" Addr="0x0" TI="8252"/>
   </function >
   <function Name="RCC_APB2PeriphClockCmd" TI="0" FileName="C:\Temp\v10117\M\libraries\STlib310\src\stm32f10x_rcc.c" Line="1076">
    <parameter Name="RCC_APB2Periph" TI="8252" FileName="C:\Temp\v10117\M\libraries\STlib310\src\stm32f10x_rcc.c" Line="1076" Addr="0x0" Param="Yes"/>
    <parameter Name="NewState" TI="8371" FileName="C:\Temp\v10117\M\libraries\STlib310\src\stm32f10x_rcc.c" Line="1076" Addr="0x1" Param="Yes"/>
   </function >
   <function Name="RCC_GetFlagStatus" TI="8325" FileName="C:\Temp\v10117\M\libraries\STlib310\src\stm32f10x_rcc.c" Line="1303">
    <parameter Name="RCC_FLAG" TI="8202" FileName="C:\Temp\v10117\M\libraries\STlib310\src\stm32f10x_rcc.c" Line="1303" Addr="0x0" Param="Yes"/>
    <variable Name="tmp" FileName="C:\Temp\v10117\M\libraries\STlib310\src\stm32f10x_rcc.c" Line="1305" Addr="0x0" TI="8252"/>
    <variable Name="statusreg" FileName="C:\Temp\v10117\M\libraries\STlib310\src\stm32f10x_rcc.c" Line="1306" Addr="0x0" TI="8252"/>
    <variable Name="bitstatus" FileName="C:\Temp\v10117\M\libraries\STlib310\src\stm32f10x_rcc.c" Line="1307" Addr="0x0" TI="8325"/>
   </function >
   <function Name="RCC_WaitForHSEStartUp" TI="8405" FileName="C:\Temp\v10117\M\libraries\STlib310\src\stm32f10x_rcc.c" Line="304">
    <variable Name="StartUpCounter" FileName="C:\Temp\v10117\M\libraries\STlib310\src\stm32f10x_rcc.c" Line="306" Addr="0x34000004" TI="8298"/>
    <variable Name="status" FileName="C:\Temp\v10117\M\libraries\STlib310\src\stm32f10x_rcc.c" Line="307" Addr="0x34000010" TI="8405"/>
    <variable Name="HSEStatus" FileName="C:\Temp\v10117\M\libraries\STlib310\src\stm32f10x_rcc.c" Line="308" Addr="0x10" TI="8325"/>
   </function >
   <type Family="array" ID="10312" toTI="8202"/>
   <variable Name="APBAHBPrescTable" FileName="C:\Temp\v10117\M\libraries\STlib310\src\stm32f10x_rcc.c" Line="200" Addr="0x20000AD0" TI="10345"/>
   <type Family="array" ID="10355" toTI="8202"/>
   <variable Name="ADCPrescTable" FileName="C:\Temp\v10117\M\libraries\STlib310\src\stm32f10x_rcc.c" Line="201" Addr="0x20000AE0" TI="10388"/>
  </module>
  <module Name="C:\Temp\v10117\M\libraries\STlib310\src\stm32f10x_tim.c" >
   <type Family="Base" Name="signed char" ID="10436"/>
   <type Family="Base" Name="unsigned char" ID="10454"/>
   <type Family="typedef" Name="uint8_t" Line="42" ID="10443" toTI="10454"/>
   <type Family="Base" Name="short int" ID="10461"/>
   <type Family="Base" Name="short unsigned int" ID="10479"/>
   <type Family="typedef" Name="uint16_t" Line="54" ID="10468" toTI="10479"/>
   <type Family="Base" Name="long int" ID="10486"/>
   <type Family="Base" Name="long unsigned int" ID="10504"/>
   <type Family="typedef" Name="uint32_t" Line="80" ID="10493" toTI="10504"/>
   <type Family="Base" Name="long long int" ID="10511"/>
   <type Family="Base" Name="long long unsigned int" ID="10518"/>
   <type Family="Base" Name="int" ID="10525"/>
   <type Family="Base" Name="unsigned int" ID="10532"/>
   <type Family="typedef" Name="FlagStatus" Line="352" ID="10566" toTI="10544"/>
   <type Family="typedef" Name="ITStatus" Line="352" ID="10578" toTI="10544"/>
   <type Family="typedef" Name="FunctionalState" Line="354" ID="10612" toTI="10590"/>
   <type Family="ComponentList" Line="982" ID="10624">
    <Component Name="CR1" TI="10633" Line="984" Offs="0"/>
    <Component Name="RESERVED0" TI="10648" Line="985" Offs="2"/>
    <Component Name="CR2" TI="10663" Line="986" Offs="4"/>
    <Component Name="RESERVED1" TI="10678" Line="987" Offs="6"/>
    <Component Name="SMCR" TI="10693" Line="988" Offs="8"/>
    <Component Name="RESERVED2" TI="10708" Line="989" Offs="10"/>
    <Component Name="DIER" TI="10723" Line="990" Offs="12"/>
    <Component Name="RESERVED3" TI="10738" Line="991" Offs="14"/>
    <Component Name="SR" TI="10753" Line="992" Offs="16"/>
    <Component Name="RESERVED4" TI="10767" Line="993" Offs="18"/>
    <Component Name="EGR" TI="10782" Line="994" Offs="20"/>
    <Component Name="RESERVED5" TI="10797" Line="995" Offs="22"/>
    <Component Name="CCMR1" TI="10812" Line="996" Offs="24"/>
    <Component Name="RESERVED6" TI="10827" Line="997" Offs="26"/>
    <Component Name="CCMR2" TI="10842" Line="998" Offs="28"/>
    <Component Name="RESERVED7" TI="10857" Line="999" Offs="30"/>
    <Component Name="CCER" TI="10872" Line="1000" Offs="32"/>
    <Component Name="RESERVED8" TI="10887" Line="1001" Offs="34"/>
    <Component Name="CNT" TI="10902" Line="1002" Offs="36"/>
    <Component Name="RESERVED9" TI="10917" Line="1003" Offs="38"/>
    <Component Name="PSC" TI="10932" Line="1004" Offs="40"/>
    <Component Name="RESERVED10" TI="10947" Line="1005" Offs="42"/>
    <Component Name="ARR" TI="10962" Line="1006" Offs="44"/>
    <Component Name="RESERVED11" TI="10977" Line="1007" Offs="46"/>
    <Component Name="RCR" TI="10992" Line="1008" Offs="48"/>
    <Component Name="RESERVED12" TI="11007" Line="1009" Offs="50"/>
    <Component Name="CCR1" TI="11022" Line="1010" Offs="52"/>
    <Component Name="RESERVED13" TI="11037" Line="1011" Offs="54"/>
    <Component Name="CCR2" TI="11052" Line="1012" Offs="56"/>
    <Component Name="RESERVED14" TI="11067" Line="1013" Offs="58"/>
    <Component Name="CCR3" TI="11082" Line="1014" Offs="60"/>
    <Component Name="RESERVED15" TI="11097" Line="1015" Offs="62"/>
    <Component Name="CCR4" TI="11112" Line="1016" Offs="64"/>
    <Component Name="RESERVED16" TI="11127" Line="1017" Offs="66"/>
    <Component Name="BDTR" TI="11142" Line="1018" Offs="68"/>
    <Component Name="RESERVED17" TI="11157" Line="1019" Offs="70"/>
    <Component Name="DCR" TI="11172" Line="1020" Offs="72"/>
    <Component Name="RESERVED18" TI="11187" Line="1021" Offs="74"/>
    <Component Name="DMAR" TI="11202" Line="1022" Offs="76"/>
    <Component Name="RESERVED19" TI="11217" Line="1023" Offs="78"/>
   </type>
   <type Family="typedef" Name="TIM_TypeDef" Line="1024" ID="11233" toTI="10624"/>
   <type Family="ComponentList" Line="50" ID="11245">
    <Component Name="TIM_Prescaler" TI="11253" Line="52" Offs="0"/>
    <Component Name="TIM_CounterMode" TI="11267" Line="55" Offs="2"/>
    <Component Name="TIM_Period" TI="11281" Line="58" Offs="4"/>
    <Component Name="TIM_ClockDivision" TI="11295" Line="62" Offs="6"/>
    <Component Name="TIM_RepetitionCounter" TI="11309" Line="65" Offs="8"/>
   </type>
   <type Family="typedef" Name="TIM_TimeBaseInitTypeDef" Line="73" ID="11324" toTI="11245"/>
   <type Family="ComponentList" Line="79" ID="11335">
    <Component Name="TIM_OCMode" TI="11343" Line="81" Offs="0"/>
    <Component Name="TIM_OutputState" TI="11357" Line="84" Offs="2"/>
    <Component Name="TIM_OutputNState" TI="11371" Line="87" Offs="4"/>
    <Component Name="TIM_Pulse" TI="11385" Line="91" Offs="6"/>
    <Component Name="TIM_OCPolarity" TI="11399" Line="94" Offs="8"/>
    <Component Name="TIM_OCNPolarity" TI="11413" Line="97" Offs="10"/>
    <Component Name="TIM_OCIdleState" TI="11427" Line="101" Offs="12"/>
    <Component Name="TIM_OCNIdleState" TI="11441" Line="105" Offs="14"/>
   </type>
   <type Family="typedef" Name="TIM_OCInitTypeDef" Line="108" ID="11456" toTI="11335"/>
   <type Family="ComponentList" Line="114" ID="11467">
    <Component Name="TIM_Channel" TI="11475" Line="117" Offs="0"/>
    <Component Name="TIM_ICPolarity" TI="11489" Line="120" Offs="2"/>
    <Component Name="TIM_ICSelection" TI="11503" Line="123" Offs="4"/>
    <Component Name="TIM_ICPrescaler" TI="11517" Line="126" Offs="6"/>
    <Component Name="TIM_ICFilter" TI="11531" Line="129" Offs="8"/>
   </type>
   <type Family="typedef" Name="TIM_ICInitTypeDef" Line="131" ID="11546" toTI="11467"/>
   <type Family="ComponentList" Line="138" ID="11557">
    <Component Name="TIM_OSSRState" TI="11565" Line="141" Offs="0"/>
    <Component Name="TIM_OSSIState" TI="11579" Line="144" Offs="2"/>
    <Component Name="TIM_LOCKLevel" TI="11593" Line="147" Offs="4"/>
    <Component Name="TIM_DeadTime" TI="11607" Line="150" Offs="6"/>
    <Component Name="TIM_Break" TI="11621" Line="154" Offs="8"/>
    <Component Name="TIM_BreakPolarity" TI="11635" Line="157" Offs="10"/>
    <Component Name="TIM_AutomaticOutput" TI="11649" Line="160" Offs="12"/>
   </type>
   <type Family="typedef" Name="TIM_BDTRInitTypeDef" Line="162" ID="11664" toTI="11557"/>
   <type Family="Pointer" TI="11789" toTI="11233"/>
   <type Family="Pointer" TI="12017" toTI="11324"/>
   <type Family="Pointer" TI="12128" toTI="11456"/>
   <type Family="Pointer" TI="12499" toTI="11664"/>
   <type Family="Pointer" TI="12625" toTI="11546"/>
  </module>
  <module Name="C:\Temp\v10117\M\libraries\STlib310\src\stm32f10x_usart.c" >
   <type Family="Base" Name="signed char" ID="18082"/>
   <type Family="Base" Name="unsigned char" ID="18100"/>
   <type Family="typedef" Name="uint8_t" Line="42" ID="18089" toTI="18100"/>
   <type Family="Base" Name="short int" ID="18107"/>
   <type Family="Base" Name="short unsigned int" ID="18125"/>
   <type Family="typedef" Name="uint16_t" Line="54" ID="18114" toTI="18125"/>
   <type Family="Base" Name="long int" ID="18132"/>
   <type Family="Base" Name="long unsigned int" ID="18150"/>
   <type Family="typedef" Name="uint32_t" Line="80" ID="18139" toTI="18150"/>
   <type Family="Base" Name="long long int" ID="18157"/>
   <type Family="Base" Name="long long unsigned int" ID="18164"/>
   <type Family="Base" Name="int" ID="18171"/>
   <type Family="Base" Name="unsigned int" ID="18178"/>
   <type Family="typedef" Name="FlagStatus" Line="352" ID="18212" toTI="18190"/>
   <type Family="typedef" Name="ITStatus" Line="352" ID="18224" toTI="18190"/>
   <type Family="typedef" Name="FunctionalState" Line="354" ID="18258" toTI="18236"/>
   <type Family="ComponentList" Line="1030" ID="18270">
    <Component Name="SR" TI="18279" Line="1032" Offs="0"/>
    <Component Name="RESERVED0" TI="18293" Line="1033" Offs="2"/>
    <Component Name="DR" TI="18308" Line="1034" Offs="4"/>
    <Component Name="RESERVED1" TI="18322" Line="1035" Offs="6"/>
    <Component Name="BRR" TI="18337" Line="1036" Offs="8"/>
    <Component Name="RESERVED2" TI="18352" Line="1037" Offs="10"/>
    <Component Name="CR1" TI="18367" Line="1038" Offs="12"/>
    <Component Name="RESERVED3" TI="18382" Line="1039" Offs="14"/>
    <Component Name="CR2" TI="18397" Line="1040" Offs="16"/>
    <Component Name="RESERVED4" TI="18412" Line="1041" Offs="18"/>
    <Component Name="CR3" TI="18427" Line="1042" Offs="20"/>
    <Component Name="RESERVED5" TI="18442" Line="1043" Offs="22"/>
    <Component Name="GTPR" TI="18457" Line="1044" Offs="24"/>
    <Component Name="RESERVED6" TI="18472" Line="1045" Offs="26"/>
   </type>
   <type Family="typedef" Name="USART_TypeDef" Line="1046" ID="18488" toTI="18270"/>
   <type Family="ComponentList" Line="45" ID="18500">
    <Component Name="SYSCLK_Frequency" TI="18508" Line="47" Offs="0"/>
    <Component Name="HCLK_Frequency" TI="18522" Line="48" Offs="4"/>
    <Component Name="PCLK1_Frequency" TI="18536" Line="49" Offs="8"/>
    <Component Name="PCLK2_Frequency" TI="18550" Line="50" Offs="12"/>
    <Component Name="ADCCLK_Frequency" TI="18564" Line="51" Offs="16"/>
   </type>
   <type Family="typedef" Name="RCC_ClocksTypeDef" Line="52" ID="18579" toTI="18500"/>
   <type Family="ComponentList" Line="49" ID="18590">
    <Component Name="USART_BaudRate" TI="18598" Line="51" Offs="0"/>
    <Component Name="USART_WordLength" TI="18612" Line="56" Offs="4"/>
    <Component Name="USART_StopBits" TI="18626" Line="59" Offs="6"/>
    <Component Name="USART_Parity" TI="18640" Line="62" Offs="8"/>
    <Component Name="USART_Mode" TI="18654" Line="69" Offs="10"/>
    <Component Name="USART_HardwareFlowControl" TI="18668" Line="72" Offs="12"/>
   </type>
   <type Family="typedef" Name="USART_InitTypeDef" Line="75" ID="18683" toTI="18590"/>
   <type Family="ComponentList" Line="81" ID="18694">
    <Component Name="USART_Clock" TI="18702" Line="84" Offs="0"/>
    <Component Name="USART_CPOL" TI="18716" Line="87" Offs="2"/>
    <Component Name="USART_CPHA" TI="18730" Line="90" Offs="4"/>
    <Component Name="USART_LastBit" TI="18744" Line="93" Offs="6"/>
   </type>
   <type Family="typedef" Name="USART_ClockInitTypeDef" Line="96" ID="18759" toTI="18694"/>
   <type Family="Pointer" TI="18811" toTI="18488"/>
   <function Name="USART_Init" TI="0" FileName="C:\Temp\v10117\M\libraries\STlib310\src\stm32f10x_usart.c" Line="165">
    <parameter Name="USARTx" TI="18811" FileName="C:\Temp\v10117\M\libraries\STlib310\src\stm32f10x_usart.c" Line="165" Addr="0x0" Param="Yes"/>
   <type Family="Pointer" TI="18962" toTI="18683"/>
    <parameter Name="USART_InitStruct" TI="18962" FileName="C:\Temp\v10117\M\libraries\STlib310\src\stm32f10x_usart.c" Line="165" Addr="0x1" Param="Yes"/>
    <variable Name="tmpreg" FileName="C:\Temp\v10117\M\libraries\STlib310\src\stm32f10x_usart.c" Line="167" Addr="0x0" TI="18139"/>
    <variable Name="apbclock" FileName="C:\Temp\v10117\M\libraries\STlib310\src\stm32f10x_usart.c" Line="167" Addr="0x0" TI="18139"/>
    <variable Name="integerdivider" FileName="C:\Temp\v10117\M\libraries\STlib310\src\stm32f10x_usart.c" Line="168" Addr="0x0" TI="18139"/>
    <variable Name="fractionaldivider" FileName="C:\Temp\v10117\M\libraries\STlib310\src\stm32f10x_usart.c" Line="169" Addr="0x0" TI="18139"/>
    <variable Name="usartxbase" FileName="C:\Temp\v10117\M\libraries\STlib310\src\stm32f10x_usart.c" Line="170" Addr="0x0" TI="18139"/>
    <variable Name="RCC_ClocksStatus" FileName="C:\Temp\v10117\M\libraries\STlib310\src\stm32f10x_usart.c" Line="171" Addr="0x4000004" TI="18579"/>
   </function >
   <function Name="USART_ClockInit" TI="0" FileName="C:\Temp\v10117\M\libraries\STlib310\src\stm32f10x_usart.c" Line="270">
    <parameter Name="USARTx" TI="18811" FileName="C:\Temp\v10117\M\libraries\STlib310\src\stm32f10x_usart.c" Line="270" Addr="0x0" Param="Yes"/>
   <type Family="Pointer" TI="19079" toTI="18759"/>
    <parameter Name="USART_ClockInitStruct" TI="19079" FileName="C:\Temp\v10117\M\libraries\STlib310\src\stm32f10x_usart.c" Line="270" Addr="0x1" Param="Yes"/>
    <variable Name="tmpreg" FileName="C:\Temp\v10117\M\libraries\STlib310\src\stm32f10x_usart.c" Line="272" Addr="0x0" TI="18139"/>
   </function >
   <function Name="USART_Cmd" TI="0" FileName="C:\Temp\v10117\M\libraries\STlib310\src\stm32f10x_usart.c" Line="319">
    <parameter Name="USARTx" TI="18811" FileName="C:\Temp\v10117\M\libraries\STlib310\src\stm32f10x_usart.c" Line="319" Addr="0x0" Param="Yes"/>
    <parameter Name="NewState" TI="18258" FileName="C:\Temp\v10117\M\libraries\STlib310\src\stm32f10x_usart.c" Line="319" Addr="0x1" Param="Yes"/>
   </function >
   <function Name="USART_SendData" TI="0" FileName="C:\Temp\v10117\M\libraries\STlib310\src\stm32f10x_usart.c" Line="559">
    <parameter Name="USARTx" TI="18811" FileName="C:\Temp\v10117\M\libraries\STlib310\src\stm32f10x_usart.c" Line="559" Addr="0x0" Param="Yes"/>
    <parameter Name="Data" TI="18114" FileName="C:\Temp\v10117\M\libraries\STlib310\src\stm32f10x_usart.c" Line="559" Addr="0x1" Param="Yes"/>
   </function >
   <function Name="USART_GetFlagStatus" TI="18212" FileName="C:\Temp\v10117\M\libraries\STlib310\src\stm32f10x_usart.c" Line="783">
    <parameter Name="USARTx" TI="18811" FileName="C:\Temp\v10117\M\libraries\STlib310\src\stm32f10x_usart.c" Line="783" Addr="0x0" Param="Yes"/>
    <parameter Name="USART_FLAG" TI="18114" FileName="C:\Temp\v10117\M\libraries\STlib310\src\stm32f10x_usart.c" Line="783" Addr="0x1" Param="Yes"/>
    <variable Name="bitstatus" FileName="C:\Temp\v10117\M\libraries\STlib310\src\stm32f10x_usart.c" Line="785" Addr="0x0" TI="18212"/>
   </function >
  </module>
  <module Name="C:\Temp\v10117\M\libraries\stm32f10x_it.c" >
   <type Family="Base" Name="signed char" ID="20557"/>
   <type Family="Base" Name="unsigned char" ID="20564"/>
   <type Family="Base" Name="short int" ID="20571"/>
   <type Family="Base" Name="short unsigned int" ID="20578"/>
   <type Family="Base" Name="long int" ID="20585"/>
   <type Family="Base" Name="long unsigned int" ID="20592"/>
   <type Family="Base" Name="long long int" ID="20599"/>
   <type Family="Base" Name="long long unsigned int" ID="20606"/>
   <type Family="Base" Name="int" ID="20613"/>
   <type Family="Base" Name="unsigned int" ID="20620"/>
   <function Name="NMI_Handler" TI="0" FileName="C:\Temp\v10117\M\libraries\stm32f10x_it.c" Line="46">
   </function >
   <function Name="HardFault_Handler" TI="0" FileName="C:\Temp\v10117\M\libraries\stm32f10x_it.c" Line="55">
   </function >
   <function Name="MemManage_Handler" TI="0" FileName="C:\Temp\v10117\M\libraries\stm32f10x_it.c" Line="68">
   </function >
   <function Name="BusFault_Handler" TI="0" FileName="C:\Temp\v10117\M\libraries\stm32f10x_it.c" Line="81">
   </function >
   <function Name="UsageFault_Handler" TI="0" FileName="C:\Temp\v10117\M\libraries\stm32f10x_it.c" Line="94">
   </function >
   <function Name="SVC_Handler" TI="0" FileName="C:\Temp\v10117\M\libraries\stm32f10x_it.c" Line="107">
   </function >
   <function Name="DebugMon_Handler" TI="0" FileName="C:\Temp\v10117\M\libraries\stm32f10x_it.c" Line="116">
   </function >
   <function Name="PendSV_Handler" TI="0" FileName="C:\Temp\v10117\M\libraries\stm32f10x_it.c" Line="125">
   </function >
   <function Name="SysTick_Handler" TI="0" FileName="C:\Temp\v10117\M\libraries\stm32f10x_it.c" Line="134">
   </function >
  </module>
  <module Name="C:\Temp\v10117\M\libraries\CMSIS\core_cm3.c" >
   <type Family="Base" Name="signed char" ID="20845"/>
   <type Family="Base" Name="unsigned char" ID="20863"/>
   <type Family="typedef" Name="uint8_t" Line="42" ID="20852" toTI="20863"/>
   <type Family="Base" Name="short int" ID="20881"/>
   <type Family="typedef" Name="int16_t" Line="53" ID="20870" toTI="20881"/>
   <type Family="Base" Name="short unsigned int" ID="20899"/>
   <type Family="typedef" Name="uint16_t" Line="54" ID="20888" toTI="20899"/>
   <type Family="Base" Name="long int" ID="20917"/>
   <type Family="typedef" Name="int32_t" Line="79" ID="20906" toTI="20917"/>
   <type Family="Base" Name="long unsigned int" ID="20935"/>
   <type Family="typedef" Name="uint32_t" Line="80" ID="20924" toTI="20935"/>
   <type Family="Base" Name="long long int" ID="20942"/>
   <type Family="Base" Name="long long unsigned int" ID="20949"/>
   <type Family="Base" Name="int" ID="20956"/>
   <type Family="Base" Name="unsigned int" ID="20963"/>
   <type Family="Pointer" TI="21710" toTI="20852"/>
   <type Family="Pointer" TI="21778" toTI="20888"/>
   <type Family="Pointer" TI="21846" toTI="20924"/>
  </module>
  <module Name="C:\Temp\v10117\M\main.c" >
   <type Family="Base" Name="signed char" ID="22211"/>
   <type Family="typedef" Name="int8_t" Line="41" ID="22200" toTI="22211"/>
   <type Family="Base" Name="unsigned char" ID="22229"/>
   <type Family="typedef" Name="uint8_t" Line="42" ID="22218" toTI="22229"/>
   <type Family="Base" Name="short int" ID="22236"/>
   <type Family="Base" Name="short unsigned int" ID="22254"/>
   <type Family="typedef" Name="uint16_t" Line="54" ID="22243" toTI="22254"/>
   <type Family="Base" Name="long int" ID="22261"/>
   <type Family="Base" Name="long unsigned int" ID="22279"/>
   <type Family="typedef" Name="uint32_t" Line="80" ID="22268" toTI="22279"/>
   <type Family="Base" Name="long long int" ID="22286"/>
   <type Family="Base" Name="long long unsigned int" ID="22293"/>
   <type Family="Base" Name="int" ID="22300"/>
   <type Family="Base" Name="unsigned int" ID="22307"/>
   <type Family="typedef" Name="s8" Line="318" ID="22324" toTI="22200"/>
   <type Family="typedef" Name="u8" Line="334" ID="22335" toTI="22218"/>
   <type Family="typedef" Name="ErrorStatus" Line="357" ID="22412" toTI="22390"/>
   <type Family="ComponentList" Line="805" ID="22424">
    <Component Name="CRL" TI="22433" Line="807" Offs="0"/>
    <Component Name="CRH" TI="22448" Line="808" Offs="4"/>
    <Component Name="IDR" TI="22463" Line="809" Offs="8"/>
    <Component Name="ODR" TI="22478" Line="810" Offs="12"/>
    <Component Name="BSRR" TI="22493" Line="811" Offs="16"/>
    <Component Name="BRR" TI="22508" Line="812" Offs="20"/>
    <Component Name="LCKR" TI="22523" Line="813" Offs="24"/>
   </type>
   <type Family="typedef" Name="GPIO_TypeDef" Line="814" ID="22539" toTI="22424"/>
   <type Family="ComponentList" Line="1030" ID="22551">
    <Component Name="SR" TI="22560" Line="1032" Offs="0"/>
    <Component Name="RESERVED0" TI="22574" Line="1033" Offs="2"/>
    <Component Name="DR" TI="22589" Line="1034" Offs="4"/>
    <Component Name="RESERVED1" TI="22603" Line="1035" Offs="6"/>
    <Component Name="BRR" TI="22618" Line="1036" Offs="8"/>
    <Component Name="RESERVED2" TI="22633" Line="1037" Offs="10"/>
    <Component Name="CR1" TI="22648" Line="1038" Offs="12"/>
    <Component Name="RESERVED3" TI="22663" Line="1039" Offs="14"/>
    <Component Name="CR2" TI="22678" Line="1040" Offs="16"/>
    <Component Name="RESERVED4" TI="22693" Line="1041" Offs="18"/>
    <Component Name="CR3" TI="22708" Line="1042" Offs="20"/>
    <Component Name="RESERVED5" TI="22723" Line="1043" Offs="22"/>
    <Component Name="GTPR" TI="22738" Line="1044" Offs="24"/>
    <Component Name="RESERVED6" TI="22753" Line="1045" Offs="26"/>
   </type>
   <type Family="typedef" Name="USART_TypeDef" Line="1046" ID="22769" toTI="22551"/>
   <type Family="typedef" Name="GPIOSpeed_TypeDef" Line="62" ID="22808" toTI="22781"/>
   <type Family="typedef" Name="GPIOMode_TypeDef" Line="79" ID="22877" toTI="22819"/>
   <type Family="ComponentList" Line="90" ID="22888">
    <Component Name="GPIO_Pin" TI="22896" Line="92" Offs="0"/>
    <Component Name="GPIO_Speed" TI="22910" Line="95" Offs="2"/>
    <Component Name="GPIO_Mode" TI="22924" Line="98" Offs="3"/>
   </type>
   <type Family="typedef" Name="GPIO_InitTypeDef" Line="100" ID="22939" toTI="22888"/>
   <type Family="ComponentList" Line="49" ID="22950">
    <Component Name="USART_BaudRate" TI="22958" Line="51" Offs="0"/>
    <Component Name="USART_WordLength" TI="22972" Line="56" Offs="4"/>
    <Component Name="USART_StopBits" TI="22986" Line="59" Offs="6"/>
    <Component Name="USART_Parity" TI="23000" Line="62" Offs="8"/>
    <Component Name="USART_Mode" TI="23014" Line="69" Offs="10"/>
    <Component Name="USART_HardwareFlowControl" TI="23028" Line="72" Offs="12"/>
   </type>
   <type Family="typedef" Name="USART_InitTypeDef" Line="75" ID="23043" toTI="22950"/>
   <type Family="ComponentList" Line="81" ID="23054">
    <Component Name="USART_Clock" TI="23062" Line="84" Offs="0"/>
    <Component Name="USART_CPOL" TI="23076" Line="87" Offs="2"/>
    <Component Name="USART_CPHA" TI="23090" Line="90" Offs="4"/>
    <Component Name="USART_LastBit" TI="23104" Line="93" Offs="6"/>
   </type>
   <type Family="typedef" Name="USART_ClockInitTypeDef" Line="96" ID="23119" toTI="23054"/>
   <function Name="RCC_Configuration" TI="0" FileName="C:\Temp\v10117\M\main.c" Line="141">
   </function >
   <function Name="NVIC_Configuration" TI="0" FileName="C:\Temp\v10117\M\main.c" Line="238">
   </function >
   <function Name="my_putchar" TI="0" FileName="C:\Temp\v10117\M\main.c" Line="256">
    <parameter Name="ch" TI="22335" FileName="C:\Temp\v10117\M\main.c" Line="256" Addr="0x0" Param="Yes"/>
   </function >
   <type Family="Pointer" TI="23283" toTI="22324"/>
   <function Name="my_printf" TI="0" FileName="C:\Temp\v10117\M\my_string.h" Line="13">
    <parameter Name="str" TI="23283" FileName="C:\Temp\v10117\M\my_string.h" Line="13" Addr="0x0" Param="Yes"/>
   </function >
   <function Name="Delay" TI="0" FileName="C:\Temp\v10117\M\main.c" Line="300">
    <parameter Name="nCount" TI="23373" FileName="C:\Temp\v10117\M\main.c" Line="300" Addr="0x0" Param="Yes"/>
   </function >
   <function Name="main" TI="22300" FileName="C:\Temp\v10117\M\main.c" Line="45">
    <variable Name="GPIO_InitStructure" FileName="C:\Temp\v10117\M\main.c" Line="47" Addr="0x3400001C" TI="22939"/>
    <variable Name="USART_InitStructure" FileName="C:\Temp\v10117\M\main.c" Line="48" Addr="0x3400000C" TI="23043"/>
    <variable Name="usacis" FileName="C:\Temp\v10117\M\main.c" Line="49" Addr="0x34000004" TI="23119"/>
   </function >
   <variable Name="es" FileName="C:\Temp\v10117\M\main.c" Line="36" Addr="0x20000ACC" TI="22412"/>
  </module>
 </modulelist>
</aoffile>

