<!-- DWF2XML 2.00.01 - Raisonance Dwarf information extractor -->
<aoffile Header="Maradona" Path="C:\Temp\v10117\M\outp\Maradona.elf">
 <Def>
  <Col Header="DeclFile" Desc="File"/>
  <Col Header="Type" Desc="Type"/>
  <Col Header="Header" Desc="Name"/>
 </Def>
 <func Header="Reset_Handler" Icon="3" Type="func" Desc=":   void" DeclFile="C:\Temp\v10117\M\startup_Maradona.c" DeclLine="210"/>
 <variable Header="g_pfnVectors" Icon="2" Type="variable" Desc=":   void CODE*[77]" DeclFile="C:\Temp\v10117\M\startup_Maradona.c" DeclLine="123" Pointer="No"/>
 <type Header="uint8_t" Icon="1" Type="type" Desc=": unsigned char" DeclFile="c:\program files\raisonance\ride\arm-gcc\arm-none-eabi\include\stdint.h" DeclLine="42" Pointer="No"/>
 <type Header="uint32_t" Icon="1" Type="type" Desc=": unsigned long" DeclFile="c:\program files\raisonance\ride\arm-gcc\arm-none-eabi\include\stdint.h" DeclLine="80" Pointer="No"/>
 <type Header="NVIC_Type" Icon="1" Type="type" Desc=": struct " DeclFile="C:\Temp\v10117\M\libraries\CMSIS\core_cm3.h" DeclLine="149" Pointer="No"/>
 <type Header="SCB_Type" Icon="1" Type="type" Desc=": struct " DeclFile="C:\Temp\v10117\M\libraries\CMSIS\core_cm3.h" DeclLine="174" Pointer="No"/>
 <type Header="SysTick_Type" Icon="1" Type="type" Desc=": struct " DeclFile="C:\Temp\v10117\M\libraries\CMSIS\core_cm3.h" DeclLine="184" Pointer="No"/>
 <type Header="FunctionalState" Icon="1" Type="type" Desc=": unsigned char" DeclFile="C:\Temp\v10117\M\libraries\CMSIS\stm32f10x.h" DeclLine="354" Pointer="No"/>
 <type Header="NVIC_InitTypeDef" Icon="1" Type="type" Desc=": struct " DeclFile="C:\Temp\v10117\M\libraries\STlib310\inc\misc.h" DeclLine="67" Pointer="No"/>
 <func Header="NVIC_SetVectorTable" Icon="3" Type="func" Desc=":   void" DeclFile="C:\Temp\v10117\M\libraries\STlib310\src\misc.c" DeclLine="154"/>
 <type Header="uint32_t" Icon="1" Type="type" Desc=": unsigned long" DeclFile="c:\program files\raisonance\ride\arm-gcc\arm-none-eabi\include\stdint.h" DeclLine="80" Pointer="No"/>
 <type Header="FlagStatus" Icon="1" Type="type" Desc=": unsigned char" DeclFile="C:\Temp\v10117\M\libraries\CMSIS\stm32f10x.h" DeclLine="352" Pointer="No"/>
 <type Header="ITStatus" Icon="1" Type="type" Desc=": unsigned char" DeclFile="C:\Temp\v10117\M\libraries\CMSIS\stm32f10x.h" DeclLine="352" Pointer="No"/>
 <type Header="FunctionalState" Icon="1" Type="type" Desc=": unsigned char" DeclFile="C:\Temp\v10117\M\libraries\CMSIS\stm32f10x.h" DeclLine="354" Pointer="No"/>
 <type Header="EXTI_TypeDef" Icon="1" Type="type" Desc=": struct " DeclFile="C:\Temp\v10117\M\libraries\CMSIS\stm32f10x.h" DeclLine="707" Pointer="No"/>
 <type Header="EXTIMode_TypeDef" Icon="1" Type="type" Desc=": unsigned char" DeclFile="C:\Temp\v10117\M\libraries\STlib310\inc\stm32f10x_exti.h" DeclLine="53" Pointer="No"/>
 <type Header="EXTITrigger_TypeDef" Icon="1" Type="type" Desc=": unsigned char" DeclFile="C:\Temp\v10117\M\libraries\STlib310\inc\stm32f10x_exti.h" DeclLine="66" Pointer="No"/>
 <type Header="EXTI_InitTypeDef" Icon="1" Type="type" Desc=": struct " DeclFile="C:\Temp\v10117\M\libraries\STlib310\inc\stm32f10x_exti.h" DeclLine="88" Pointer="No"/>
 <type Header="uint32_t" Icon="1" Type="type" Desc=": unsigned long" DeclFile="c:\program files\raisonance\ride\arm-gcc\arm-none-eabi\include\stdint.h" DeclLine="80" Pointer="No"/>
 <type Header="FLASH_TypeDef" Icon="1" Type="type" Desc=": struct " DeclFile="C:\Temp\v10117\M\libraries\CMSIS\stm32f10x.h" DeclLine="724" Pointer="No"/>
 <type Header="uint16_t" Icon="1" Type="type" Desc=": unsigned int" DeclFile="c:\program files\raisonance\ride\arm-gcc\arm-none-eabi\include\stdint.h" DeclLine="54" Pointer="No"/>
 <type Header="uint32_t" Icon="1" Type="type" Desc=": unsigned long" DeclFile="c:\program files\raisonance\ride\arm-gcc\arm-none-eabi\include\stdint.h" DeclLine="80" Pointer="No"/>
 <type Header="FlagStatus" Icon="1" Type="type" Desc=": unsigned char" DeclFile="C:\Temp\v10117\M\libraries\CMSIS\stm32f10x.h" DeclLine="352" Pointer="No"/>
 <type Header="ITStatus" Icon="1" Type="type" Desc=": unsigned char" DeclFile="C:\Temp\v10117\M\libraries\CMSIS\stm32f10x.h" DeclLine="352" Pointer="No"/>
 <type Header="FunctionalState" Icon="1" Type="type" Desc=": unsigned char" DeclFile="C:\Temp\v10117\M\libraries\CMSIS\stm32f10x.h" DeclLine="354" Pointer="No"/>
 <type Header="FSMC_Bank1_TypeDef" Icon="1" Type="type" Desc=": struct " DeclFile="C:\Temp\v10117\M\libraries\CMSIS\stm32f10x.h" DeclLine="749" Pointer="No"/>
 <type Header="FSMC_Bank1E_TypeDef" Icon="1" Type="type" Desc=": struct " DeclFile="C:\Temp\v10117\M\libraries\CMSIS\stm32f10x.h" DeclLine="758" Pointer="No"/>
 <type Header="FSMC_Bank2_TypeDef" Icon="1" Type="type" Desc=": struct " DeclFile="C:\Temp\v10117\M\libraries\CMSIS\stm32f10x.h" DeclLine="772" Pointer="No"/>
 <type Header="FSMC_Bank3_TypeDef" Icon="1" Type="type" Desc=": struct " DeclFile="C:\Temp\v10117\M\libraries\CMSIS\stm32f10x.h" DeclLine="786" Pointer="No"/>
 <type Header="FSMC_Bank4_TypeDef" Icon="1" Type="type" Desc=": struct " DeclFile="C:\Temp\v10117\M\libraries\CMSIS\stm32f10x.h" DeclLine="799" Pointer="No"/>
 <type Header="FSMC_NORSRAMTimingInitTypeDef" Icon="1" Type="type" Desc=": struct " DeclFile="C:\Temp\v10117\M\libraries\STlib310\inc\stm32f10x_fsmc.h" DeclLine="85" Pointer="No"/>
 <type Header="FSMC_NORSRAMInitTypeDef" Icon="1" Type="type" Desc=": struct " DeclFile="C:\Temp\v10117\M\libraries\STlib310\inc\stm32f10x_fsmc.h" DeclLine="140" Pointer="No"/>
 <type Header="FSMC_NAND_PCCARDTimingInitTypeDef" Icon="1" Type="type" Desc=": struct " DeclFile="C:\Temp\v10117\M\libraries\STlib310\inc\stm32f10x_fsmc.h" DeclLine="172" Pointer="No"/>
 <type Header="FSMC_NANDInitTypeDef" Icon="1" Type="type" Desc=": struct " DeclFile="C:\Temp\v10117\M\libraries\STlib310\inc\stm32f10x_fsmc.h" DeclLine="206" Pointer="No"/>
 <type Header="FSMC_PCCARDInitTypeDef" Icon="1" Type="type" Desc=": struct " DeclFile="C:\Temp\v10117\M\libraries\STlib310\inc\stm32f10x_fsmc.h" DeclLine="231" Pointer="No"/>
 <type Header="uint8_t" Icon="1" Type="type" Desc=": unsigned char" DeclFile="c:\program files\raisonance\ride\arm-gcc\arm-none-eabi\include\stdint.h" DeclLine="42" Pointer="No"/>
 <type Header="uint16_t" Icon="1" Type="type" Desc=": unsigned int" DeclFile="c:\program files\raisonance\ride\arm-gcc\arm-none-eabi\include\stdint.h" DeclLine="54" Pointer="No"/>
 <type Header="uint32_t" Icon="1" Type="type" Desc=": unsigned long" DeclFile="c:\program files\raisonance\ride\arm-gcc\arm-none-eabi\include\stdint.h" DeclLine="80" Pointer="No"/>
 <type Header="u8" Icon="1" Type="type" Desc=": unsigned char" DeclFile="C:\Temp\v10117\M\libraries\CMSIS\stm32f10x.h" DeclLine="334" Pointer="No"/>
 <type Header="FunctionalState" Icon="1" Type="type" Desc=": unsigned char" DeclFile="C:\Temp\v10117\M\libraries\CMSIS\stm32f10x.h" DeclLine="354" Pointer="No"/>
 <type Header="GPIO_TypeDef" Icon="1" Type="type" Desc=": struct " DeclFile="C:\Temp\v10117\M\libraries\CMSIS\stm32f10x.h" DeclLine="814" Pointer="No"/>
 <type Header="AFIO_TypeDef" Icon="1" Type="type" Desc=": struct " DeclFile="C:\Temp\v10117\M\libraries\CMSIS\stm32f10x.h" DeclLine="825" Pointer="No"/>
 <type Header="GPIOSpeed_TypeDef" Icon="1" Type="type" Desc=": unsigned char" DeclFile="C:\Temp\v10117\M\libraries\STlib310\inc\stm32f10x_gpio.h" DeclLine="62" Pointer="No"/>
 <type Header="GPIOMode_TypeDef" Icon="1" Type="type" Desc=": unsigned char" DeclFile="C:\Temp\v10117\M\libraries\STlib310\inc\stm32f10x_gpio.h" DeclLine="79" Pointer="No"/>
 <type Header="GPIO_InitTypeDef" Icon="1" Type="type" Desc=": struct " DeclFile="C:\Temp\v10117\M\libraries\STlib310\inc\stm32f10x_gpio.h" DeclLine="100" Pointer="No"/>
 <type Header="BitAction" Icon="1" Type="type" Desc=": unsigned char" DeclFile="C:\Temp\v10117\M\libraries\STlib310\inc\stm32f10x_gpio.h" DeclLine="110" Pointer="No"/>
 <func Header="GPIO_Init" Icon="3" Type="func" Desc=":   void" DeclFile="C:\Temp\v10117\M\libraries\STlib310\src\stm32f10x_gpio.c" DeclLine="172"/>
 <func Header="GPIO_Write" Icon="3" Type="func" Desc=":   void" DeclFile="C:\Temp\v10117\M\libraries\STlib310\src\stm32f10x_gpio.c" DeclLine="416"/>
 <type Header="uint8_t" Icon="1" Type="type" Desc=": unsigned char" DeclFile="c:\program files\raisonance\ride\arm-gcc\arm-none-eabi\include\stdint.h" DeclLine="42" Pointer="No"/>
 <type Header="uint16_t" Icon="1" Type="type" Desc=": unsigned int" DeclFile="c:\program files\raisonance\ride\arm-gcc\arm-none-eabi\include\stdint.h" DeclLine="54" Pointer="No"/>
 <type Header="uint32_t" Icon="1" Type="type" Desc=": unsigned long" DeclFile="c:\program files\raisonance\ride\arm-gcc\arm-none-eabi\include\stdint.h" DeclLine="80" Pointer="No"/>
 <type Header="FlagStatus" Icon="1" Type="type" Desc=": unsigned char" DeclFile="C:\Temp\v10117\M\libraries\CMSIS\stm32f10x.h" DeclLine="352" Pointer="No"/>
 <type Header="ITStatus" Icon="1" Type="type" Desc=": unsigned char" DeclFile="C:\Temp\v10117\M\libraries\CMSIS\stm32f10x.h" DeclLine="352" Pointer="No"/>
 <type Header="FunctionalState" Icon="1" Type="type" Desc=": unsigned char" DeclFile="C:\Temp\v10117\M\libraries\CMSIS\stm32f10x.h" DeclLine="354" Pointer="No"/>
 <type Header="ErrorStatus" Icon="1" Type="type" Desc=": unsigned char" DeclFile="C:\Temp\v10117\M\libraries\CMSIS\stm32f10x.h" DeclLine="357" Pointer="No"/>
 <type Header="RCC_TypeDef" Icon="1" Type="type" Desc=": struct " DeclFile="C:\Temp\v10117\M\libraries\CMSIS\stm32f10x.h" DeclLine="894" Pointer="No"/>
 <type Header="RCC_ClocksTypeDef" Icon="1" Type="type" Desc=": struct " DeclFile="C:\Temp\v10117\M\libraries\STlib310\inc\stm32f10x_rcc.h" DeclLine="52" Pointer="No"/>
 <func Header="RCC_DeInit" Icon="3" Type="func" Desc=":   void" DeclFile="C:\Temp\v10117\M\libraries\STlib310\src\stm32f10x_rcc.c" DeclLine="224"/>
 <func Header="RCC_SYSCLKConfig" Icon="3" Type="func" Desc=":   void" DeclFile="C:\Temp\v10117\M\libraries\STlib310\src\stm32f10x_rcc.c" DeclLine="560"/>
 <func Header="RCC_GetSYSCLKSource" Icon="3" Type="func" Desc=":   unsigned char" DeclFile="C:\Temp\v10117\M\libraries\STlib310\src\stm32f10x_rcc.c" DeclLine="583"/>
 <func Header="RCC_HCLKConfig" Icon="3" Type="func" Desc=":   void" DeclFile="C:\Temp\v10117\M\libraries\STlib310\src\stm32f10x_rcc.c" DeclLine="604"/>
 <func Header="RCC_PCLK1Config" Icon="3" Type="func" Desc=":   void" DeclFile="C:\Temp\v10117\M\libraries\STlib310\src\stm32f10x_rcc.c" DeclLine="630"/>
 <func Header="RCC_PCLK2Config" Icon="3" Type="func" Desc=":   void" DeclFile="C:\Temp\v10117\M\libraries\STlib310\src\stm32f10x_rcc.c" DeclLine="656"/>
 <func Header="RCC_GetClocksFreq" Icon="3" Type="func" Desc=":   void" DeclFile="C:\Temp\v10117\M\libraries\STlib310\src\stm32f10x_rcc.c" DeclLine="902"/>
 <func Header="RCC_APB2PeriphClockCmd" Icon="3" Type="func" Desc=":   void" DeclFile="C:\Temp\v10117\M\libraries\STlib310\src\stm32f10x_rcc.c" DeclLine="1076"/>
 <func Header="RCC_APB1PeriphClockCmd" Icon="3" Type="func" Desc=":   void" DeclFile="C:\Temp\v10117\M\libraries\STlib310\src\stm32f10x_rcc.c" DeclLine="1106"/>
 <variable Header="APBAHBPrescTable" Icon="2" Type="variable" Desc=":   unsigned char[16]" DeclFile="C:\Temp\v10117\M\libraries\STlib310\src\stm32f10x_rcc.c" DeclLine="200" Pointer="No"/>
 <variable Header="ADCPrescTable" Icon="2" Type="variable" Desc=":   unsigned char[4]" DeclFile="C:\Temp\v10117\M\libraries\STlib310\src\stm32f10x_rcc.c" DeclLine="201" Pointer="No"/>
 <type Header="uint8_t" Icon="1" Type="type" Desc=": unsigned char" DeclFile="c:\program files\raisonance\ride\arm-gcc\arm-none-eabi\include\stdint.h" DeclLine="42" Pointer="No"/>
 <type Header="uint16_t" Icon="1" Type="type" Desc=": unsigned int" DeclFile="c:\program files\raisonance\ride\arm-gcc\arm-none-eabi\include\stdint.h" DeclLine="54" Pointer="No"/>
 <type Header="uint32_t" Icon="1" Type="type" Desc=": unsigned long" DeclFile="c:\program files\raisonance\ride\arm-gcc\arm-none-eabi\include\stdint.h" DeclLine="80" Pointer="No"/>
 <type Header="FlagStatus" Icon="1" Type="type" Desc=": unsigned char" DeclFile="C:\Temp\v10117\M\libraries\CMSIS\stm32f10x.h" DeclLine="352" Pointer="No"/>
 <type Header="ITStatus" Icon="1" Type="type" Desc=": unsigned char" DeclFile="C:\Temp\v10117\M\libraries\CMSIS\stm32f10x.h" DeclLine="352" Pointer="No"/>
 <type Header="FunctionalState" Icon="1" Type="type" Desc=": unsigned char" DeclFile="C:\Temp\v10117\M\libraries\CMSIS\stm32f10x.h" DeclLine="354" Pointer="No"/>
 <type Header="TIM_TypeDef" Icon="1" Type="type" Desc=": struct " DeclFile="C:\Temp\v10117\M\libraries\CMSIS\stm32f10x.h" DeclLine="1024" Pointer="No"/>
 <type Header="TIM_TimeBaseInitTypeDef" Icon="1" Type="type" Desc=": struct " DeclFile="C:\Temp\v10117\M\libraries\STlib310\inc\stm32f10x_tim.h" DeclLine="73" Pointer="No"/>
 <type Header="TIM_OCInitTypeDef" Icon="1" Type="type" Desc=": struct " DeclFile="C:\Temp\v10117\M\libraries\STlib310\inc\stm32f10x_tim.h" DeclLine="108" Pointer="No"/>
 <type Header="TIM_ICInitTypeDef" Icon="1" Type="type" Desc=": struct " DeclFile="C:\Temp\v10117\M\libraries\STlib310\inc\stm32f10x_tim.h" DeclLine="131" Pointer="No"/>
 <type Header="TIM_BDTRInitTypeDef" Icon="1" Type="type" Desc=": struct " DeclFile="C:\Temp\v10117\M\libraries\STlib310\inc\stm32f10x_tim.h" DeclLine="162" Pointer="No"/>
 <func Header="TIM_TimeBaseInit" Icon="3" Type="func" Desc=":   void" DeclFile="C:\Temp\v10117\M\libraries\STlib310\src\stm32f10x_tim.c" DeclLine="245"/>
 <func Header="TIM_OC1Init" Icon="3" Type="func" Desc=":   void" DeclFile="C:\Temp\v10117\M\libraries\STlib310\src\stm32f10x_tim.c" DeclLine="280"/>
 <func Header="TIM_Cmd" Icon="3" Type="func" Desc=":   void" DeclFile="C:\Temp\v10117\M\libraries\STlib310\src\stm32f10x_tim.c" DeclLine="788"/>
 <func Header="TIM_ARRPreloadConfig" Icon="3" Type="func" Desc=":   void" DeclFile="C:\Temp\v10117\M\libraries\STlib310\src\stm32f10x_tim.c" DeclLine="1386"/>
 <func Header="TIM_OC1PreloadConfig" Icon="3" Type="func" Desc=":   void" DeclFile="C:\Temp\v10117\M\libraries\STlib310\src\stm32f10x_tim.c" DeclLine="1484"/>
 <type Header="uint8_t" Icon="1" Type="type" Desc=": unsigned char" DeclFile="c:\program files\raisonance\ride\arm-gcc\arm-none-eabi\include\stdint.h" DeclLine="42" Pointer="No"/>
 <type Header="uint16_t" Icon="1" Type="type" Desc=": unsigned int" DeclFile="c:\program files\raisonance\ride\arm-gcc\arm-none-eabi\include\stdint.h" DeclLine="54" Pointer="No"/>
 <type Header="uint32_t" Icon="1" Type="type" Desc=": unsigned long" DeclFile="c:\program files\raisonance\ride\arm-gcc\arm-none-eabi\include\stdint.h" DeclLine="80" Pointer="No"/>
 <type Header="FlagStatus" Icon="1" Type="type" Desc=": unsigned char" DeclFile="C:\Temp\v10117\M\libraries\CMSIS\stm32f10x.h" DeclLine="352" Pointer="No"/>
 <type Header="ITStatus" Icon="1" Type="type" Desc=": unsigned char" DeclFile="C:\Temp\v10117\M\libraries\CMSIS\stm32f10x.h" DeclLine="352" Pointer="No"/>
 <type Header="FunctionalState" Icon="1" Type="type" Desc=": unsigned char" DeclFile="C:\Temp\v10117\M\libraries\CMSIS\stm32f10x.h" DeclLine="354" Pointer="No"/>
 <type Header="USART_TypeDef" Icon="1" Type="type" Desc=": struct " DeclFile="C:\Temp\v10117\M\libraries\CMSIS\stm32f10x.h" DeclLine="1046" Pointer="No"/>
 <type Header="RCC_ClocksTypeDef" Icon="1" Type="type" Desc=": struct " DeclFile="C:\Temp\v10117\M\libraries\STlib310\inc\stm32f10x_rcc.h" DeclLine="52" Pointer="No"/>
 <type Header="USART_InitTypeDef" Icon="1" Type="type" Desc=": struct " DeclFile="C:\Temp\v10117\M\libraries\STlib310\inc\stm32f10x_usart.h" DeclLine="75" Pointer="No"/>
 <type Header="USART_ClockInitTypeDef" Icon="1" Type="type" Desc=": struct " DeclFile="C:\Temp\v10117\M\libraries\STlib310\inc\stm32f10x_usart.h" DeclLine="96" Pointer="No"/>
 <func Header="USART_Init" Icon="3" Type="func" Desc=":   void" DeclFile="C:\Temp\v10117\M\libraries\STlib310\src\stm32f10x_usart.c" DeclLine="165"/>
 <func Header="USART_ClockInit" Icon="3" Type="func" Desc=":   void" DeclFile="C:\Temp\v10117\M\libraries\STlib310\src\stm32f10x_usart.c" DeclLine="270"/>
 <func Header="USART_Cmd" Icon="3" Type="func" Desc=":   void" DeclFile="C:\Temp\v10117\M\libraries\STlib310\src\stm32f10x_usart.c" DeclLine="319"/>
 <func Header="USART_SendData" Icon="3" Type="func" Desc=":   void" DeclFile="C:\Temp\v10117\M\libraries\STlib310\src\stm32f10x_usart.c" DeclLine="559"/>
 <func Header="USART_GetFlagStatus" Icon="3" Type="func" Desc=":   unsigned char" DeclFile="C:\Temp\v10117\M\libraries\STlib310\src\stm32f10x_usart.c" DeclLine="783"/>
 <func Header="NMI_Handler" Icon="3" Type="func" Desc=":   void" DeclFile="C:\Temp\v10117\M\libraries\stm32f10x_it.c" DeclLine="46"/>
 <func Header="HardFault_Handler" Icon="3" Type="func" Desc=":   void" DeclFile="C:\Temp\v10117\M\libraries\stm32f10x_it.c" DeclLine="55"/>
 <func Header="MemManage_Handler" Icon="3" Type="func" Desc=":   void" DeclFile="C:\Temp\v10117\M\libraries\stm32f10x_it.c" DeclLine="68"/>
 <func Header="BusFault_Handler" Icon="3" Type="func" Desc=":   void" DeclFile="C:\Temp\v10117\M\libraries\stm32f10x_it.c" DeclLine="81"/>
 <func Header="UsageFault_Handler" Icon="3" Type="func" Desc=":   void" DeclFile="C:\Temp\v10117\M\libraries\stm32f10x_it.c" DeclLine="94"/>
 <func Header="SVC_Handler" Icon="3" Type="func" Desc=":   void" DeclFile="C:\Temp\v10117\M\libraries\stm32f10x_it.c" DeclLine="107"/>
 <func Header="DebugMon_Handler" Icon="3" Type="func" Desc=":   void" DeclFile="C:\Temp\v10117\M\libraries\stm32f10x_it.c" DeclLine="116"/>
 <func Header="PendSV_Handler" Icon="3" Type="func" Desc=":   void" DeclFile="C:\Temp\v10117\M\libraries\stm32f10x_it.c" DeclLine="125"/>
 <func Header="SysTick_Handler" Icon="3" Type="func" Desc=":   void" DeclFile="C:\Temp\v10117\M\libraries\stm32f10x_it.c" DeclLine="134"/>
 <type Header="uint8_t" Icon="1" Type="type" Desc=": unsigned char" DeclFile="c:\program files\raisonance\ride\arm-gcc\arm-none-eabi\include\stdint.h" DeclLine="42" Pointer="No"/>
 <type Header="int16_t" Icon="1" Type="type" Desc=": int" DeclFile="c:\program files\raisonance\ride\arm-gcc\arm-none-eabi\include\stdint.h" DeclLine="53" Pointer="No"/>
 <type Header="uint16_t" Icon="1" Type="type" Desc=": unsigned int" DeclFile="c:\program files\raisonance\ride\arm-gcc\arm-none-eabi\include\stdint.h" DeclLine="54" Pointer="No"/>
 <type Header="int32_t" Icon="1" Type="type" Desc=": long" DeclFile="c:\program files\raisonance\ride\arm-gcc\arm-none-eabi\include\stdint.h" DeclLine="79" Pointer="No"/>
 <type Header="uint32_t" Icon="1" Type="type" Desc=": unsigned long" DeclFile="c:\program files\raisonance\ride\arm-gcc\arm-none-eabi\include\stdint.h" DeclLine="80" Pointer="No"/>
 <type Header="int8_t" Icon="1" Type="type" Desc=": signed char" DeclFile="c:\program files\raisonance\ride\arm-gcc\arm-none-eabi\include\stdint.h" DeclLine="41" Pointer="No"/>
 <type Header="uint8_t" Icon="1" Type="type" Desc=": unsigned char" DeclFile="c:\program files\raisonance\ride\arm-gcc\arm-none-eabi\include\stdint.h" DeclLine="42" Pointer="No"/>
 <type Header="uint16_t" Icon="1" Type="type" Desc=": unsigned int" DeclFile="c:\program files\raisonance\ride\arm-gcc\arm-none-eabi\include\stdint.h" DeclLine="54" Pointer="No"/>
 <type Header="uint32_t" Icon="1" Type="type" Desc=": unsigned long" DeclFile="c:\program files\raisonance\ride\arm-gcc\arm-none-eabi\include\stdint.h" DeclLine="80" Pointer="No"/>
 <type Header="s8" Icon="1" Type="type" Desc=": signed char" DeclFile="C:\Temp\v10117\M\libraries\CMSIS\stm32f10x.h" DeclLine="318" Pointer="No"/>
 <type Header="u32" Icon="1" Type="type" Desc=": unsigned long" DeclFile="C:\Temp\v10117\M\libraries\CMSIS\stm32f10x.h" DeclLine="332" Pointer="No"/>
 <type Header="u16" Icon="1" Type="type" Desc=": unsigned int" DeclFile="C:\Temp\v10117\M\libraries\CMSIS\stm32f10x.h" DeclLine="333" Pointer="No"/>
 <type Header="u8" Icon="1" Type="type" Desc=": unsigned char" DeclFile="C:\Temp\v10117\M\libraries\CMSIS\stm32f10x.h" DeclLine="334" Pointer="No"/>
 <type Header="ErrorStatus" Icon="1" Type="type" Desc=": unsigned char" DeclFile="C:\Temp\v10117\M\libraries\CMSIS\stm32f10x.h" DeclLine="357" Pointer="No"/>
 <type Header="GPIO_TypeDef" Icon="1" Type="type" Desc=": struct " DeclFile="C:\Temp\v10117\M\libraries\CMSIS\stm32f10x.h" DeclLine="814" Pointer="No"/>
 <type Header="TIM_TypeDef" Icon="1" Type="type" Desc=": struct " DeclFile="C:\Temp\v10117\M\libraries\CMSIS\stm32f10x.h" DeclLine="1024" Pointer="No"/>
 <type Header="USART_TypeDef" Icon="1" Type="type" Desc=": struct " DeclFile="C:\Temp\v10117\M\libraries\CMSIS\stm32f10x.h" DeclLine="1046" Pointer="No"/>
 <type Header="GPIOSpeed_TypeDef" Icon="1" Type="type" Desc=": unsigned char" DeclFile="C:\Temp\v10117\M\libraries\STlib310\inc\stm32f10x_gpio.h" DeclLine="62" Pointer="No"/>
 <type Header="GPIOMode_TypeDef" Icon="1" Type="type" Desc=": unsigned char" DeclFile="C:\Temp\v10117\M\libraries\STlib310\inc\stm32f10x_gpio.h" DeclLine="79" Pointer="No"/>
 <type Header="GPIO_InitTypeDef" Icon="1" Type="type" Desc=": struct " DeclFile="C:\Temp\v10117\M\libraries\STlib310\inc\stm32f10x_gpio.h" DeclLine="100" Pointer="No"/>
 <type Header="TIM_TimeBaseInitTypeDef" Icon="1" Type="type" Desc=": struct " DeclFile="C:\Temp\v10117\M\libraries\STlib310\inc\stm32f10x_tim.h" DeclLine="73" Pointer="No"/>
 <type Header="TIM_OCInitTypeDef" Icon="1" Type="type" Desc=": struct " DeclFile="C:\Temp\v10117\M\libraries\STlib310\inc\stm32f10x_tim.h" DeclLine="108" Pointer="No"/>
 <type Header="USART_InitTypeDef" Icon="1" Type="type" Desc=": struct " DeclFile="C:\Temp\v10117\M\libraries\STlib310\inc\stm32f10x_usart.h" DeclLine="75" Pointer="No"/>
 <type Header="USART_ClockInitTypeDef" Icon="1" Type="type" Desc=": struct " DeclFile="C:\Temp\v10117\M\libraries\STlib310\inc\stm32f10x_usart.h" DeclLine="96" Pointer="No"/>
 <type Header="LPMEMMARKER" Icon="1" Type="type" Desc=": struct _MEMMARKER CODE*" DeclFile="C:\Temp\v10117\M\memory.h" DeclLine="79" Pointer="Yes"/>
 <func Header="my_printf" Icon="3" Type="func" Desc=":   void" DeclFile="C:\Temp\v10117\M\my_string.h" DeclLine="82"/>
 <func Header="main" Icon="3" Type="func" Desc=":   long" DeclFile="C:\Temp\v10117\M\main.c" DeclLine="46"/>
 <func Header="RCC_Configuration" Icon="3" Type="func" Desc=":   void" DeclFile="C:\Temp\v10117\M\main.c" DeclLine="182"/>
 <func Header="NVIC_Configuration" Icon="3" Type="func" Desc=":   void" DeclFile="C:\Temp\v10117\M\main.c" DeclLine="281"/>
 <func Header="my_putchar" Icon="3" Type="func" Desc=":   void" DeclFile="C:\Temp\v10117\M\main.c" DeclLine="299"/>
 <func Header="Delay" Icon="3" Type="func" Desc=":   void" DeclFile="C:\Temp\v10117\M\main.c" DeclLine="343"/>
 <variable Header="es" Icon="2" Type="variable" Desc=":   unsigned char" DeclFile="C:\Temp\v10117\M\main.c" DeclLine="37" Pointer="No"/>
</aoffile>

